"","X","n"
"1","#FrappuccinoHappyHour",11768
"2","#FrappuccinoHappyHour‚Ä¶",2864
"3","#„Çπ„Çø„Éê",1645
"4","#„Éï„É©„Éö",1217
"5","#frappuccino",1095
"6","#ICYMI",1011
"7","#starbucks",894
"8","#monday",852
"9","#MondayBlues",851
"10","#mondaymotivation",850
"11","#weekend",740
"12","#saturday",739
"13","#SocialSaturday",739
"14","#SundayMorning",738
"15","#SundayFunday",737
"16","#weekendvibes",736
"17","#tbt",694
"18","#ThankfulTh",693
"19","#ThrowbackThursday",693
"20","#Starbucks",513
"21","#„Çπ„Éà„É≠„Éô„É™„Éº„ÇØ„É™„Éº„É†„Éï„É©„Éö„ÉÅ„Éº„Éé‚Ä¶",340
"22","#coffee",329
"23","#Frappuccino",327
"24","#MidnightMintMocha",197
"25","#love",196
"26","#yummy",175
"27","#latte",165
"28","#tea",161
"29","#BTSBBMAs",143
"30","#DateLoQueTeGusta",143
"31","#gift",137
"32","#FrappuccinoHappyHour!",119
"33","#happyhour",117
"34","#Coupon",103
"35","#HappyHour",84
"36","#frappuccino‚Ä¶",82
"37","#„Éï„É©„Éö„ÉÅ„Éº„Éé",67
"38","#starbucks‚Ä¶",65
"39","#charlesmilander",63
"40","#BlinkSelcaDay",61
"41","#SmoresFrappuccino",56
"42","#Cards",54
"43","#Gifts",54
"44","#‡∏≠‡∏£‡πà‡∏≠‡∏¢‡∏ö‡∏≠‡∏Å‡∏ï‡πà‡∏≠",52
"45","#food",52
"46","#‡∏≠‡∏£‡πà‡∏≠‡∏¢‡πÑ‡∏õ‡πÄ‡πÄ‡∏î‡∏Å",51
"47","#MyOREOCreation",51
"48","#unicornfrappuccino",50
"49","#StawberryAndCream",49
"50","#strawberry",49
"51","#News",47
"52","#midnightmintmocha",45
"53","#frappyhour",44
"54","#starbuckscoffee",44
"55","#news",42
"56","#Contest",41
"57","#ShowYourFlavor",41
"58","#frappuccinohappyhour",39
"59","#Unicorn",38
"60","#summer",37
"61","#tobeapartner",37
"62","#unicorn",37
"63","#Card",35
"64","#freebies",35
"65","#Gift",35
"66","#midnightmintmochafrappuccino",35
"67","#BuyNow",34
"68","#design",34
"69","#MyOreoCreation",34
"70","#freebie",33
"71","#sketchapp!",33
"72","#ui",33
"73","#ux",33
"74","#smores",30
"75","#contest",29
"76","#drink",29
"77","#mocha",29
"78","#business‚Ä¶",28
"79","#Coupons",27
"80","#BNCafe",26
"81","#CelebrityNews",26
"82","#Coffee",26
"83","#UnicornFrappuccino",26
"84","#Canada",25
"85","#MidnightMintMochaFrappuccino",25
"86","#recipes",25
"87","#UK",25
"88","#USA",25
"89","#World",25
"90","#BuyItNow",24
"91","#cream",24
"92","#delicious",24
"93","#GiftCards",24
"94","#„Åä„Åó„ÇÉ„Çå„Å™Ëã±Êñá",24
"95","#Discount",23
"96","#GiftCard",23
"97","#tanoc",23
"98","#BuyItNow‚Ä¶‚Ä¶",22
"99","#frappe",22
"100","#hot",22
"101","#trademark",22
"102","#bncafe",21
"103","#FridayFun",21
"104","#greentea",21
"105","#marketing",21
"106","#recipe",21
"107","#smoresfrappuccino",21
"108","#ParisHilton",20
"109","#Shakira",20
"110","#survivor",20
"111","#Trump",20
"112","#„Çπ„Çø„Éº„Éê„ÉÉ„ÇØ„Çπ",19
"113","#chocolate",19
"114","#love‚Ä¶",18
"115","#nerd",18
"116","#Smores",18
"117","#S'mores!",18
"118","#treatyourself",18
"119","#Bargains",17
"120","#celebrity",17
"121","#yum",17
"122","#‡∏£‡∏µ‡∏ß‡∏¥‡∏ß‡πÇ‡∏Ñ‡∏£‡∏≤‡∏ä",16
"123","#caramel",16
"124","#coffee‚Ä¶",16
"125","#garotasnerds",16
"126","#gossip",16
"127","#halfprice",16
"128","#tech",16
"129","#baristaproblems",15
"130","#cafe",15
"131","#Food",15
"132","#Forsale‚Ä¶",15
"133","#FrappyHour",15
"134","#maggioalcivico39",15
"135","#tea‚Ä¶",15
"136","#yummy‚Ä¶",15
"137","#foodie",14
"138","#paparazzi",14
"139","#Tech",14
"140","#‡∏≠‡∏£‡πà‡∏≠‡∏¢‡πÑ‡∏õ‡πÅ‡∏î‡∏Å",13
"141","#23",13
"142","#cooking",13
"143","#drinks",13
"144","#halfoff",13
"145","#happy",13
"146","#lawsuit",13
"147","#Starbucks‚Ä¶",13
"148","#StarbucksHappyHour",13
"149","#‡∏≠‡∏£‡πà‡∏≠‡∏¢‡πÑ‡∏õ‡πÅ‡∏î‡∏Å‚Ä¶",12
"150","#baristalife",12
"151","#BBMAs",12
"152","#bitcoin",12
"153","#business",12
"154","#Comida",12
"155","#nyc",12
"156","#‡∏≠‡∏£‡πà‡∏≠‡∏¢‡∏ó‡∏≥‡πÅ‡∏î‡∏Å‚Ä¶",11
"157","#AllStarTrek",11
"158","#beauty",11
"159","#coffeetime",11
"160","#cook",11
"161","#Frappuccino.",11
"162","#instagood",11
"163","#smm",11
"164","#dessert",10
"165","#foodporn‚Ä¶",10
"166","#nowplaying",10
"167","#socialmedia",10
"168","#‡∏ß‡∏á‡πÉ‡∏ô‡∏û‡∏≤‡πÅ‡∏î‡∏Å‚Ä¶",9
"169","#‡πÄ‡∏°‡∏≠‡πÅ‡∏£‡∏á‡∏Ñ‡πå‡∏™‡∏≤‡∏¢‡∏£‡∏∏‡πâ‡∏á",9
"170","#art",9
"171","#blessed",9
"172","#Business",9
"173","#CincodeMayo",9
"174","#depressed",9
"175","#HappyHour!",9
"176","#LivePD",9
"177","#secretmenu",9
"178","#StarbucksThailand",9
"179","#106",8
"180","#Barista",8
"181","#BaristaLife",8
"182","#basic",8
"183","#CaramelFrappuccino",8
"184","#coffeelovers",8
"185","#Espa√±a",8
"186","#foodporn",8
"187","#Forsale",8
"188","#frappuccino.",8
"189","#Frappuccino‚Ä¶",8
"190","#frappucinohappyhour",8
"191","#Home",8
"192","#Mexico",8
"193","#MothersDay",8
"194","#MTVCHALLENGECD9",8
"195","#MTVEXPOPCD9",8
"196","#myoreocreation",8
"197","#new",8
"198","#ny",8
"199","#paidsurvey",8
"200","#PremiosMTVMIAW",8
"201","#Shopping",8
"202","#sweet",8
"203","#UnicornNoodles!",8
"204","#Êñ∞‰Ωú",8
"205","#Ïä§ÌÉÄÎ≤ÖÏä§",7
"206","#„Çπ„Éà„É≠„Éô„É™„Éº„ÇØ„É™„Éº„É†„Éï„É©„Éö„ÉÅ„Éº„Éé",7
"207","#CookiesAndCream",7
"208","#dedicated",7
"209","#DisappointAFilm",7
"210","#FF",7
"211","#frappuccinohappyhour‚Ä¶",7
"212","#frappucino",7
"213","#Health",7
"214","#kids",7
"215","#makeup",7
"216","#mint",7
"217","#np",7
"218","#onsale‚Ä¶‚Ä¶",7
"219","#SM",7
"220","#SocialMedia",7
"221","#Starbucks‚Äô",7
"222","#unicornfrappucino",7
"223","#„Çπ„Çø„ÉêÊñ∞‰Ωú",7
"224","#‚Ä¶‚Ä¶",6
"225","#„Ç¢„É°„É™„Ç´„É≥„ÉÅ„Çß„É™„Éº„Éë„Ç§„Éï„É©„Éö„ÉÅ„Éº„Éé",6
"226","#3",6
"227","#ad",6
"228","#ApestasAPobre",6
"229","#CNNPHNewDay",6
"230","#coffeelover",6
"231","#cookie",6
"232","#Coupon‚Ä¶",6
"233","#couponcommunity",6
"234","#delicious‚Ä¶",6
"235","#dialupthefun",6
"236","#EEUU",6
"237","#enews",6
"238","#entertainment",6
"239","#espresso",6
"240","#Eurovision",6
"241","#fashion",6
"242","#food‚Ä¶",6
"243","#foodnews",6
"244","#Frappuccino!",6
"245","#Frappuccino?",6
"246","#instafood",6
"247","#japan",6
"248","#l4l",6
"249","#latte‚Ä¶",6
"250","#letsdothis",6
"251","#matcha",6
"252","#mermay",6
"253","#midnightmocha",6
"254","#mysquad",6
"255","#night",6
"256","#oreo",6
"257","#parenting",6
"258","#STARBUCKS",6
"259","#starbuckshappyhour",6
"260","#starbucksph",6
"261","#strawberrycreamfrappuccino",6
"262","#T‚Ä¶",6
"263","#TechNews",6
"264","#ThingsJesusNeverSaid",6
"265","#tobeapartner‚Ä¶",6
"266","#today",6
"267","#venti",6
"268","#yay",6
"269","#‚Ä¶",5
"270","#üçì",5
"271","#‡∏Ç‡∏≠‡πÉ‡∏´‡πâ‡∏Ç‡∏≤‡∏¢‡πÄ‡∏ñ‡∏≠‡∏∞‡πÄ‡∏ô‡∏≠‡∏∞",5
"272","#arizona",5
"273","#avatar",5
"274","#barnesandnoble",5
"275","#better",5
"276","#BTSBBMAS",5
"277","#caffeine",5
"278","#Caramel",5
"279","#celeb",5
"280","#celebrities",5
"281","#coconut",5
"282","#coffeeaddict",5
"283","#Cream",5
"284","#cutiesaturday",5
"285","#deals",5
"286","#Deals",5
"287","#Delighting",5
"288","#entrepreneur",5
"289","#ESCIta",5
"290","#frap",5
"291","#FrappuccinoHappyHour?",5
"292","#friday",5
"293","#funny",5
"294","#halfpriced",5
"295","#happyhour‚Ä¶",5
"296","#inc",5
"297","#momlife",5
"298","#NYC",5
"299","#paranormal",5
"300","#photo",5
"301","#PokemonGo",5
"302","#PR",5
"303","#Recipe",5
"304","#Restaurant",5
"305","#RT",5
"306","#SecretMenu",5
"307","##skincare",5
"308","#Starbucks!",5
"309","#Starbucks.",5
"310","#StarbucksGrandeWednesdays",5
"311","#starbuckslove",5
"312","#StarbucksPrinceton‚Ä¶",5
"313","#Startup",5
"314","#strawberries",5
"315","#Strawberry",5
"316","#summary:",5
"317","#summertime",5
"318","#technology",5
"319","#thezonecast",5
"320","#tokyo",5
"321","#toys",5
"322","#travel",5
"323","#treatyoself",5
"324","#Vegan",5
"325","#Venti",5
"326","#way",5
"327","#Yum",5
"328","#„Ç´„Çπ„Çø„Éû„Ç§„Ç∫",4
"329","#1",4
"330","#awesome",4
"331","#babies",4
"332","#BNCaf√©",4
"333","#BolsaMx",4
"334","#bradenburson",4
"335","#Brooklyn",4
"336","#cheers",4
"337","#cheesecake",4
"338","#cherry",4
"339","#cherrypie",4
"340","#cock",4
"341","#cofee",4
"342","#CoffeeLovers",4
"343","#cold",4
"344","#Cumplea√±osFrappuccino",4
"345","#DefendtheLand",4
"346","#Digital",4
"347","#DigitalMarketing",4
"348","#diy",4
"349","#drinks‚Ä¶",4
"350","#Dubai",4
"351","#Entrepreneur",4
"352","#Eurovision:",4
"353","#FelizJueves",4
"354","#fitnessworldabs",4
"355","#FLATEARTH",4
"356","#FoodPorn",4
"357","#frapp",4
"358","#frappuccino?",4
"359","#Frappuccino¬Æ",4
"360","#frappyhour‚Ä¶",4
"361","#FrappyHour!",4
"362","#FridayFeeling",4
"363","#GlutenFree",4
"364","#greentea‚Ä¶",4
"365","#HalfOff",4
"366","#Happy",4
"367","#Huffington",4
"368","#icecoffee",4
"369","#icecream",4
"370","#InMyUtilityBelt",4
"371","#instadaily",4
"372","#instagram",4
"373","#Irresistible",4
"374","#Japon",4
"375","#JudithLeiberCouture",4
"376","#katyperry",4
"377","#Lawsuit",4
"378","#leadership",4
"379","#LeiberPets",4
"380","#like4like",4
"381","#MAGA",4
"382","#Manualiades",4
"383","#Matcha",4
"384","#MePongoMamonSi",4
"385","#midnight",4
"386","#milk",4
"387","#moms",4
"388","#MyOreoCreationcontest",4
"389","#nsfw",4
"390","#nylon",4
"391","#oc",4
"392","#Paleo",4
"393","#pantyhose",4
"394","#paranormalromance",4
"395","#parents",4
"396","#photooftheday",4
"397","#pie",4
"398","#Recipes",4
"399","#refreshing",4
"400","#relax",4
"401","#restaurant",4
"402","#RestaurantDeals",4
"403","#review",4
"404","#Sale",4
"405","#SALE!",4
"406","#Save",4
"407","#Scandal",4
"408","#selfie",4
"409","#series,",4
"410","#sipface",4
"411","#slime",4
"412","#smallbiz",4
"413","#smores‚Ä¶",4
"414","#socmedupdate",4
"415","#SoundCloud",4
"416","#Starbucks?",4
"417","#StarbucksAdictos",4
"418","#starbuckscoffee‚Ä¶",4
"419","#Starbucksh√≥licos",4
"420","#strawberry‚Ä¶",4
"421","#strowberry",4
"422","#target",4
"423","#technews",4
"424","#TheVerge",4
"425","#thirsty",4
"426","#TRMX",4
"427","#Tuesday",4
"428","#tweens",4
"429","#unicornfrapp",4
"430","#UnicornFrappuccinoü¶Ñ‚ú®",4
"431","#VanillaBeanFrappuccino",4
"432","#wednesdaywisdom",4
"433","#winning",4
"434","#x27;s",4
"435","#„Åì„ÅÆ„Çø„Ç∞„Çí„Åø„Åü‰∫∫„ÅØÂ•Ω„Åç„Å™È£≤„ÅøÁâ©„ÇíÁ≠î„Åà„Çã",4
"436","#‚òº",3
"437","#„Éè„ÉØ„Ç§‚Ä¶",3
"438","#ÌîÑÎùºÌë∏ÏπòÎÖ∏",3
"439","#„É¢„Ç´„Éï„É©„Éó„ÉÅ„Éº„Éé",3
"440","#‡∏≠‡∏£‡πà‡∏≠‡∏¢‡∏ô‡∏∞‡∏£‡∏π‡πâ‡∏¢‡∏±‡∏á",3
"441","#„ÇØ„É©„Ç∑„ÉÉ„ÇØ„ÉÜ„Ç£„Éº„ÇØ„É™„Éº„É†„Éï„É©„Éö„ÉÅ„Éº„Éé",3
"442","#039;t",3
"443","#5",3
"444","#80s‚Ä¶",3
"445","#A114fun",3
"446","#addiction",3
"447","#americancherrypiefrappuccino",3
"448","#BAMSCE",3
"449","#Bargains‚Ä¶",3
"450","#Bargains‚Ä¶‚Ä¶",3
"451","#basicwhitegirl",3
"452","#birthday",3
"453","#bn",3
"454","#bnamherstny",3
"455","#BoycottStarbucks",3
"456","#Branding‚Ä¶",3
"457","#brownie",3
"458","#BUGS101:",3
"459","#businesscoaching",3
"460","#BuzzFeed",3
"461","#Cafe",3
"462","#CaramelCream",3
"463","#Cavs",3
"464","#CCJitters",3
"465","#Celebrities",3
"466","#cheatday",3
"467","#China",3
"468","#classic",3
"469","#cocinayrecetas",3
"470","#coffee...",3
"471","#coffeebreak",3
"472","#coffeeshop",3
"473","#comeseeus",3
"474","#COMMONS17",3
"475","#concierge",3
"476","#conciergeservices",3
"477","#copycatrecipe",3
"478","#coupons",3
"479","#cream‚Ä¶",3
"480","#Delicious",3
"481","#Diabetasol",3
"482","#DIY",3
"483","#drink‚Ä¶",3
"484","#DrinkingCelebs",3
"485","#DrunkMillennialsCantEven",3
"486","#eat",3
"487","#eatingdisorder",3
"488","#fail",3
"489","#fastfood",3
"490","#favorite",3
"491","#favorite,",3
"492","#fb",3
"493","#featured",3
"494","#feedly",3
"495","#FelizViernes",3
"496","#ff",3
"497","#FinalsWeek",3
"498","#FirstDraftCartoons",3
"499","#foodie‚Ä¶",3
"500","#ForeverAUnicorn",3
"501","#FOX13GMM",3
"502","#fraphappyhour",3
"503","#frappe‚Ä¶",3
"504","#Frappe",3
"505","#frappu‚Ä¶",3
"506","#frappuccinohappyhour!",3
"507","#FrappuccinoHappyHour:",3
"508","#FrappyHour?",3
"509","#fridayfeeling",3
"510","#funjapan",3
"511","#FunnyFriday",3
"512","#Giveaway",3
"513","#glindr",3
"514","#GrandeWednesday",3
"515","#happyday",3
"516","#happymothersday",3
"517","#Healthy",3
"518","#hour",3
"519","#HumpDay",3
"520","#Hungry",3
"521","#icedcoffee",3
"522","#instalike",3
"523","#Japan",3
"524","#Japan,",3
"525","#japanguide",3
"526","#java",3
"527","#joy",3
"528","#jwpspan",3
"529","#Kanata",3
"530","#kidslearn",3
"531","#KSA",3
"532","#LasVegas",3
"533","#LeonardSimpsonTV",3
"534","#life",3
"535","#lifestyle",3
"536","#Look",3
"537","#Love",3
"538","#lowcarb",3
"539","#MainStreet",3
"540","#malta",3
"541","#Marketing",3
"542","#mermaid",3
"543","#mermay‚Ä¶",3
"544","#midnightmintmocha‚Ä¶",3
"545","#millennials",3
"546","#Mint",3
"547","#Mmm!!",3
"548","#mochadrizzleontop",3
"549","#MOOC",3
"550","#MyArt",3
"551","#mylittlepony",3
"552","#NationalEatWhatYouWantDay",3
"553","#NewNBATeams",3
"554","#NEWRT",3
"555","#newyork",3
"556","#NoRegrets",3
"557","#notmyavril",3
"558","#nuffsaid",3
"559","#OkayMaybeSomeRegrets‚Ä¶",3
"560","#paleo",3
"561","#PartnerCraft",3
"562","#people",3
"563","#peppapig",3
"564","#perfectblend",3
"565","#phx",3
"566","#pokemongo",3
"567","#popcorn",3
"568","#pr",3
"569","#Press",3
"570","#primaironderwijsdag",3
"571","#printmag",3
"572","#RevengeOfTheFifth",3
"573","#romance",3
"574","#SaturdayNight",3
"575","#sb",3
"576","#SBUX",3
"577","#science",3
"578","#series!‚Ä¶",3
"579","#SethRich",3
"580","#SmallBiz",3
"581","#SmokedButterscotchFrappuccino",3
"582","#smorefrappuccino",3
"583","#S'mores",3
"584","#starbuck",3
"585","#Starbucks'",3
"586","#starbuckscanada‚Ä¶",3
"587","#StarbucksDate",3
"588","#starbucksjapan",3
"589","#starbuckslover",3
"590","#starbuckssecretmenu",3
"591","#StarbucksSecretMenu",3
"592","#Starbucksuk‚Ä¶",3
"593","#startup",3
"594","#Strawberries",3
"595","#strawberrycream",3
"596","#sugarfree",3
"597","#sunday",3
"598","#sundayfunday",3
"599","#tailgatebeer",3
"600","#tailgatebrewery",3
"601","#Tbt",3
"602","#tecnologia",3
"603","#TGIF",3
"604","#TopPick",3
"605","#tower.",3
"606","#toychannel",3
"607","#Trademark",3
"608","#trademarks",3
"609","#trading",3
"610","#transformationtuesday",3
"611","#TuesdayMotivation",3
"612","#tuesdaytips",3
"613","#unicornfrap",3
"614","#unicornfrappe",3
"615","#unicornfrappuccino‚Ä¶",3
"616","#UnicornLatte",3
"617","#US_News‚Ä¶",3
"618","#utoledo",3
"619","#video",3
"620","#viral",3
"621","#virgin?",3
"622","#WayBackWednesday",3
"623","#whippedcream",3
"624","#Winnipeg",3
"625","#Yelp",3
"626","#youflyIwillbuy!",3
"627","#Yum!!",3
"628","#ÊòüÂ∑¥ÂÖã",3
"629","#Î≥ÑÎã§Î∞©",2
"630","#„Éô„É≥„ÉÜ„Ç£",2
"631","#‡∏ä‡∏¥‡∏•‡πÜ",2
"632","#„Å™„ÅÜ„Å∑„Çå",2
"633","#ÏùºÎ≥∏ÏÉùÌôú",2
"634","#„Åì„ÅÆ„Çä„ÅÉ",2
"635","#ÎèÑÏøÑÏÉùÌôú‚Ä¶",2
"636","#„ÉÅ„Éß„Ç≥„Éü„É≥„Éà",2
"637","#„Çπ„Éà„É≠„Éô„É™„Éº#üçì‚Ä¶",2
"638","#‡∏ñ‡∏π‡∏Å‡∏ö‡∏≠‡∏Å‡∏ï‡πà‡∏≠",2
"639","#„Çπ„Éà„É≠„Éô„É™„Éº„Éï„É©„Éö„ÉÅ„Éº„Éé",2
"640","#‡∏ä‡∏≤‡πÄ‡∏Ç‡∏µ‡∏¢‡∏ß‡πÉ‡∏ô‡∏ï‡∏≥‡∏ô‡∏≤‡∏ô",2
"641","#„ÉÄ„Éº„ÇØ„É¢„Ç´„ÉÅ„ÉÉ„Éó„ÇØ„É™„Éº„É†„Éï„É©„Éö„ÉÅ„Éº„Éé",2
"642","#0518",2
"643","#1:",2
"644","#2017",2
"645","#721starbucks",2
"646","#9",2
"647","#Aacon1e",2
"648","#actor",2
"649","#actorslife",2
"650","#AiMRT",2
"651","#Altavista147",2
"652","#AmazingFood",2
"653","#American",2
"654","#americancherrypiefrappuccino#starbucks#yam#frappuccino#mcdonalds#imloveit#bff‚Ä¶",2
"655","#amor",2
"656","#and",2
"657","#AndoSat√°nicoY",2
"658","#aroii‚Ä¶",2
"659","#ARSMUN",2
"660","#artlovers",2
"661","#AskEthanAndGrayson",2
"662","#Awesome",2
"663","#banana",2
"664","#BananaSplitFrappuccino",2
"665","#BaristaLife‚Ä¶",2
"666","#Basic",2
"667","#basicbitch",2
"668","#BBMAs.",2
"669","#BBTC",2
"670","#BeachBreakfast",2
"671","#beautynews",2
"672","#bedMattress",2
"673","#BERG",2
"674","#beverage",2
"675","#bigtastetv",2
"676","#Bilbaocity",2
"677","#BingoByte",2
"678","#BizTips",2
"679","#blackhairchallenge",2
"680","#BLESSED",2
"681","#blog",2
"682","#blogger",2
"683","#bn‚Ä¶",2
"684","#bnbuzz",2
"685","#bnbuzz‚Ä¶",2
"686","#BNCafe‚Ä¶",2
"687","#BNMembers",2
"688","#BNMillbury",2
"689","#BoysenberryFrappuccino",2
"690","#Brand",2
"691","#breakfast",2
"692","#breakingnews",2
"693","#BreakingNews",2
"694","#brescia",2
"695","#bruh",2
"696","#BTSBBMAsÔ∏è",2
"697","#BuenaLectura",2
"698","#build",2
"699","#businessadvice",2
"700","#butterscotch",2
"701","#Caf√©",2
"702","#caffeinefix",2
"703","#calories",2
"704","#calories‚Ä¶",2
"705","#Calories",2
"706","#camaro",2
"707","#canada",2
"708","#cappuccino",2
"709","#caramel‚Ä¶",2
"710","#centralfestivalhatyai",2
"711","#charlotte‚Ä¶",2
"712","#Chef",2
"713","#ChefGia",2
"714","#CherryPie",2
"715","#chevy",2
"716","#chillpainai‚Ä¶",2
"717","#chip",2
"718","#Chocolate",2
"719","#CincoDeMayo",2
"720","#Claim",2
"721","#classic‚Ä¶",2
"722","#closerace",2
"723","#coconutmilk",2
"724","#Coffee‚Ä¶",2
"725","#CoffeeChallenge.",2
"726","#coffee#communitycoffeelovers#christmas",2
"727","#CoffeeFri",2
"728","#coffeetime‚Ä¶",2
"729","#comedy",2
"730","#Comey",2
"731","#Cookie",2
"732","#Cookies‚Ä¶",2
"733","#CookieStraw",2
"734","#CrankItUp",2
"735","#culvercity",2
"736","#cumplea√±os",2
"737","#CupCakes",2
"738","#CurseTheToryParty",2
"739","#date",2
"740","#day3",2
"741","#dccomics",2
"742","#dcrebirth",2
"743","#DealNews",2
"744","#deliciousness",2
"745","#DerangedRadio",2
"746","#DESSERTS",2
"747","#DietTips",2
"748","#digitalart",2
"749","#dino_71pgh",2
"750","#disappointed",2
"751","#Disney",2
"752","#DontCare",2
"753","#dragonfrappuccino",2
"754","#dundermifflin",2
"755","#DunkinDonuts",2
"756","#DWMGsocial",2
"757","#%e4%bc%81%e6%a5%ad",2
"758","#EastBay",2
"759","#Eating",2
"760","#EatingDrinking",2
"761","#eatstagram",2
"762","#EdTech",2
"763","#endofweek",2
"764","#espresso‚Ä¶",2
"765","#extraeverything",2
"766","#f4f",2
"767","#FaceBark",2
"768","#facebookmarketing",2
"769","#fashionblogger",2
"770","#FeatureMe",2
"771","#FelizLunes",2
"772","#FelizMartes",2
"773","#Femail",2
"774","#finalsweek",2
"775","#Finance",2
"776","#FireColbert",2
"777","#FishTale",2
"778","#fitfam",2
"779","#fitness",2
"780","#FITNESS",2
"781","#Florida",2
"782","#fondle",2
"783","#FOOD",2
"784","#FoodampCocktails",2
"785","#foodanddrinks",2
"786","#foodblogging‚Ä¶",2
"787","#Foodhacks",2
"788","#foodiegram",2
"789","#forex",2
"790","#France",2
"791","#franchise",2
"792","#FrappeHour",2
"793","#Frappuccino,",2
"794","#Frappuccino:",2
"795","#FrappuccinoHappyHour.",2
"796","#FrappuccinoLovers",2
"797","#Frappuccinos",2
"798","#Frappucino",2
"799","#frappy",2
"800","#Free",2
"801","#Friday",2
"802","#friends",2
"803","#FRUITS",2
"804","#fun",2
"805","#Galaxy",2
"806","#Geek",2
"807","#girl",2
"808","#gold",2
"809","#Graeginator",2
"810","#green",2
"811","#GreenTea",2
"812","#greenteafrap",2
"813","#greenteafrappuccino",2
"814","#greenteafrappuccino‚Ä¶",2
"815","#greenwoodparkmall",2
"816","#haircolor",2
"817","#happy‚Ä¶",2
"818","#happybirthday",2
"819","#happyfriday",2
"820","#HappyHour,",2
"821","#HappyHour‚Ä¶",2
"822","#HappyMonday",2
"823","#HappyShopping",2
"824","#healthy",2
"825","#holidays",2
"826","#hollywood",2
"827","#HollywoodUnlocked",2
"828","#hope",2
"829","#hospitality",2
"830","#HowIShowAppreciation",2
"831","#igdaily",2
"832","#iloveit",2
"833","#Inc‚õπ",2
"834","#innovation:",2
"835","#innovation‚Ä¶",2
"836","#instafoodie",2
"837","#instagood‚Ä¶",2
"838","#instapic",2
"839","#intellectualproperty",2
"840","#intothebadlands",2
"841","#ipclub",2
"842","#ip_club",2
"843","#iphone7plus",2
"844","#itsover",2
"845","#Jared",2
"846","#Java",2
"847","#javachip",2
"848","#javachipfrap",2
"849","#javachipfrappuccino",2
"850","#javachips",2
"851","#jerseycitylawyer",2
"852","#jhscp17",2
"853","#jpop",2
"854","#Kentuckyderby",2
"855","#kidstv",2
"856","#Kremlin",2
"857","#Kushner",2
"858","#LA",2
"859","#labour's",2
"860","#lameduck",2
"861","#lastcallforhappyhour",2
"862","#LateLateStyles",2
"863","#LatestNews",2
"864","#Law",2
"865","#LdnOnt",2
"866","#learnlap",2
"867","#LegacyVillage",2
"868","#Legal",2
"869","#LegendaryGreenteaüçµ",2
"870","#LePen",2
"871","#lfl",2
"872","#Lifestyle",2
"873","#lifestylemanager...",2
"874","#liquidfuel",2
"875","#lisboa‚Ä¶",2
"876","#lol",2
"877","#losangeles",2
"878","#losangeles‚Ä¶",2
"879","#luv",2
"880","#MacronLeaks",2
"881","#MakeAMovieDelicious",2
"882","#mango",2
"883","#marathontraining",2
"884","#marketingmistake",2
"885","#marketingstrategy",2
"886","#marketwatch",2
"887","#MARKETWATCH",2
"888","#matcha‚Ä¶",2
"889","#meetings",2
"890","#meme",2
"891","#Mermaid",2
"892","#M√©xico",2
"893","#MidnightMint",2
"894","#MidnightMocha",2
"895","#MidnightMochaFrappuccino",2
"896","#milk‚Ä¶",2
"897","#Milkshakes",2
"898","#millennialsproblems",2
"899","#mmm",2
"900","#Mocha",2
"901","#MochaFrappuccino",2
"902","#MochaFrappuccinoüéà",2
"903","#Monday?",2
"904","#mondaymorning",2
"905","#money",2
"906","#MONEY",2
"907","#montreal",2
"908","#MothersDay2017",2
"909","#MSUstarbucks",2
"910","#myreadinglist",2
"911","#MySidekickHates",2
"912","#NAIT",2
"913","#naked",2
"914","#nasty",2
"915","#NationalChocolateChipDay",2
"916","#nature",2
"917","#Nerd",2
"918","#nerdgirl",2
"919","#NewsToday",2
"920","#NightMarket",2
"921","#‚Ñënnovate",2
"922","#NotWorriedAboutShit",2
"923","#NowPlaying",2
"924","#NUFC",2
"925","#nuggets",2
"926","#Nutella",2
"927","#NYCnowApp",2
"928","#obsessed‚Ä¶",2
"929","#OddRansomDemands",2
"930","#offtotheraces",2
"931","#omg",2
"932","#OMG",2
"933","#omnichannel",2
"934","#oops",2
"935","#oreocreation",2
"936","#pamojanation",2
"937","#paz",2
"938","#People",2
"939","#petitgateau‚Ä¶",2
"940","#photo‚Ä¶",2
"941","#pinkdrink",2
"942","#plotagon",2
"943","#PokemonGO",2
"944","#pokemongofrappuccino‚Ä¶",2
"945","#PokemonGoFrappuccino",2
"946","#pota",2
"947","#presidentielle2017",2
"948","#price",2
"949","#prom2017",2
"950","#promotion",2
"951","#PublicRelations",2
"952","#PublicRelations‚Ä¶",2
"953","#puppucino",2
"954","#qsr",2
"955","#quebec",2
"956","#QueOndaPeople",2
"957","#quierounminipig",2
"958","#quotesfroman8yearold",2
"959","#RainbowUnicornFrap",2
"960","#RealRetirementIncome",2
"961","#RecetaDelDia",2
"962","#recettes",2
"963","#Reciclaje",2
"964","#Repost",2
"965","#RescueDogsRock",2
"966","#restaurants",2
"967","#retail",2
"968","#retail.",2
"969","#reviewchiangmai",2
"970","#rfc",2
"971","#ripensoA",2
"972","#roblox",2
"973","#Romance‚Ä¶",2
"974","#runner",2
"975","#sad",2
"976","#SALE",2
"977","#sales",2
"978","#SarahHuckabeeSanders",2
"979","#saturdaymorning",2
"980","#save",2
"981","#sbux",2
"982","#SD",2
"983","#sdkb",2
"984","#SDLive",2
"985","#SexLife",2
"986","#SexualHealth",2
"987","#sexy",2
"988","#Shop",2
"989","#Singapore",2
"990","#smallbusiness",2
"991","#smartpoints",2
"992","#smore",2
"993","#s'mores",2
"994","#Smores‚Ä¶",2
"995","#smoresfrap",2
"996","#SNRTG",2
"997","#sogood",2
"998","#soledad",2
"999","#sorrynotsorry",2
"1000","#SorryNotSorry",2
"1001","#sorvete",2
"1002","#SoundCloud?",2
"1003","#soyfenomeno‚Ä¶",2
"1004","#spain",2
"1005","#spring",2
"1006","#sta...#flipagram",2
"1007","#starbacks",2
"1008","#starbucks,",2
"1009","#Starbucks...",2
"1010","#StarbucksCoffee",2
"1011","#StarbucksColombia",2
"1012","#StarbucksForLife",2
"1013","#StarbucksPH",2
"1014","#starbucksprob",2
"1015","#starbucksthailand",2
"1016","#starbuko",2
"1017","#Starbuks",2
"1018","#Startups",2
"1019","#statbucks",2
"1020","#stawberryandcream",2
"1021","#StayPositiveIn2017",2
"1022","#stb",2
"1023","#storystream",2
"1024","#strategy",2
"1025","#strawberry#cream#frappuccino",2
"1026","#strawberrycreamfrappuccino‚Ä¶",2
"1027","#Streit",2
"1028","#Student",2
"1029","#sturbucks",2
"1030","#success",2
"1031","#Sued",2
"1032","#summerfeaver‚Ä¶",2
"1033","#summerinBilbao",2
"1034","#SummerIsHere",2
"1035","#sun",2
"1036","#sunny",2
"1037","#Sweet",2
"1038","#T1885#sbuxmagic",2
"1039","#Taiwanese",2
"1040","#tasty",2
"1041","#tgif",2
"1042","#thankyou",2
"1043","#TheFive",2
"1044","#thefoodbabe",2
"1045","#thermomix",2
"1046","#thexeon",2
"1047","#Thirsty",2
"1048","#thirstythursday",2
"1049","#This",2
"1050","#thisislove",2
"1051","#TimeForSomethingCool",2
"1052","#Timeless",2
"1053","#tokyolife",2
"1054","#trademark...",2
"1055","#tranquilidad",2
"1056","#trchamber",2
"1057","#treat",2
"1058","#Treat",2
"1059","#TreatYoSelf",2
"1060","#TreatYoSelf‚Ä¶",2
"1061","#tumblr",2
"1062","#TVWife",2
"1063","#TwitterDaily‚Ä¶",2
"1064","#uk",2
"1065","#unicorn‚Ä¶",2
"1066","#unicornfrappuccino?",2
"1067","#unicornfrapuccino",2
"1068","#Unicorns",2
"1069","#urban",2
"1070","#vanilla",2
"1071","#vanillabean",2
"1072","#vegan",2
"1073","#veganized",2
"1074","#Vegas‚Ä¶",2
"1075","#very",2
"1076","#virgin,and",2
"1077","#vlog",2
"1078","#vo‚Ä¶",2
"1079","#voguem‚Ä¶",2
"1080","#vsco",2
"1081","#vscogram",2
"1082","#wanita",2
"1083","#Wankil",2
"1084","#WayB‚Ä¶",2
"1085","#weak",2
"1086","#wearetr",2
"1087","#WeSlay‚Ä¶",2
"1088","#whitechocolatemocha",2
"1089","#wongnai",2
"1090","#Work",2
"1091","#WorldNews",2
"1092","#worthit",2
"1093","#wtf",2
"1094","#XRIM",2
"1095","#yammy",2
"1096","#yayf‚Ä¶‚Ä¶",2
"1097","#yeahTHATbn",2
"1098","#youtube",2
"1099","#YUM",2
"1100","#Yummy!!‚Ä¶",2
"1101","#zoolander",2
"1102","#ZYang",2
"1103","#ÂÖÉ„Çπ„Çø„ÉêÂ∫óÂì°„ÅÆ„Å§„Å∂„ÇÑ„Åç",2
"1104","#„ÉÜ„Çπ„ÉàÂâç",2
"1105","#ÂèóÈ®ì",2
"1106","#Êñ∞‰Ωú„Éï„É©„Éö„ÉÅ„Éº„Éé",2
"1107","#Êó•Êú¨ÁîüÊ¥ª",2
"1108","#ÊòüÂÜ∞Ê®Ç",2
"1109","#Êù±‰∫¨ÁîüÊ¥ª",2
"1110","#„Éó„É≠„ÉÜ„Ç§„É≥Áî®„Å†„Åë„Å©OK",2
"1111","#ÁæéÂë≥„Åó„ÅÑ",2
"1112","#Ëã±‰ºöË©±",2
"1113","#:",1
"1114","##",1
"1115","#üçº",1
"1116","#üêÆ",1
"1117","#üç©",1
"1118","#ü¶Ñ",1
"1119","#üçí",1
"1120","#üòã",1
"1121","#üíï",1
"1122","#üí∏",1
"1123","#ÏùºÎ≥∏",1
"1124","#Ï≤¥ÏΩî",1
"1125","#Î≤§Ìã∞",1
"1126","#‚ù§Ô∏è",1
"1127","#„Éë„Ç§",1
"1128","#üôãüèΩ",1
"1129","#üêÆüçº",1
"1130","#ÎßõÏûàÍ≤å",1
"1131","#ÎßõÏûàÎã§",1
"1132","#„Çπ„É¢„Ç¢",1
"1133","#„Åº„Å£„Å°",1
"1134","#ÌîÑÎùºÌïò",1
"1135","#„Åã„Åü„ÅÑ",1
"1136","#ÌÜ†Î°†ÌÜ†",1
"1137","#ÏûêÍ∏∞‚Ä¶",1
"1138","#„Éó„É™„É≥",1
"1139","#„Çπ„Çø„Éê#„Ç¢„É°„É™„Ç´",1
"1140","#„Çπ„Çø„Éê#„Éê„Éã„É©„ÇØ„É™„Éº„É†„Éï„É©„Éö„ÉÅ„Éº„Éé",1
"1141","#„Ç≥„Éº„Éí„Éº",1
"1142","#ÌõÑÏø†Ïò§Ïπ¥",1
"1143","#„Å£„Å¶„Å™„Å´",1
"1144","#üòÇüòÇüòÇ",1
"1145","#Îî∏Í∏∞ÌÅ¨Î¶º",1
"1146","#„ÉÅ„Çß„É™„Éº",1
"1147","#„ÇØ„ÉÉ„Ç≠„Éº",1
"1148","#„Çµ„É≥„Éó„É´",1
"1149","#„Éï„Ç°„Éü„Éû",1
"1150","#„ÇØ„É™„Éº„É†",1
"1151","#„Ç´„Çπ„Çø„É†",1
"1152","#ÌÜ†Î°†ÌÜ†ÏùºÏÉÅ",1
"1153","#Î≤§Ìã∞ÏÇ¨Ïù¥Ï¶à",1
"1154","#„Éë„Ç§„Éâ„Éº„É†",1
"1155","#„Åª„Å™„Å°„ÇÉ„Çì",1
"1156","#„Çπ„Çø„Éê„Å™„ÅÜ",1
"1157","#üçåüç´üç™‚Ä¶",1
"1158","#„ÉÅ„Çß„É™„Éº„Éë„Ç§",1
"1159","#„É≠„Çµ„É≥„Çº„É´„Çπ",1
"1160","#„Å§„Åâ„Çì„Å§„Åâ„Çì",1
"1161","#„Çπ„Éà„É≠„Éô„É™„Éº",1
"1162","#‡∏ü‡∏¥‡∏ô‡∏≠‡πà‡∏∞",1
"1163","#„Éï„É©„Éö„ÉÅ„Éº„Éé...",1
"1164","#ÌÜ†Î°†ÌÜ†Ïú†ÌïôÏÉù‚Ä¶",1
"1165","#„Éè„ÉÉ„Éî„Éº„Ç¢„ÉØ„Éº",1
"1166","#‡∏Ñ‡∏≤‡∏£‡∏≤‡πÄ‡∏°‡∏•",1
"1167","#„Çπ„Éû„Éº„Éà„Éã„É•„Éº„Çπ",1
"1168","#„Åã„Åà„Çã„ÅÆ„Éî„ÇØ„É´„Çπ",1
"1169","#„Çπ„Çø„Éº„Éê„ÉÉ„ÇØ„Çπ‚Ä¶",1
"1170","#Îî∏Í∏∞ÌÅ¨Î¶ºÌîÑÎùºÌë∏ÏπòÎÖ∏",1
"1171","#‡∏ß‡∏á‡πÉ‡∏ô‡∏û‡∏≤‡πÅ‡∏î‡∏Å",1
"1172","#‡∏≠‡∏£‡πà‡∏≠‡∏¢‡∏°‡∏±‡πä‡∏¢",1
"1173","#‡∏•‡∏≠‡∏á‡∏Ç‡∏≠‡∏á‡πÉ‡∏´‡∏°‡πà",1
"1174","#„ÉÅ„Éß„Ç≥„Éü„É≥„Éà„Éï„É©„ÉÉ„Éö",1
"1175","#„Çπ„Éà„É≠„Éô„É™„Éº„ÇØ„É™„Éº„É†",1
"1176","#„Çπ„Çø„Éº„Éê„ÉÉ„ÇØ„Çπ„Ç∞„ÉÉ„Ç∫",1
"1177","#„Çπ„Éà„É≠„Éô„É™„Éº„Éï„É©„ÉÉ„Éö",1
"1178","#„Çπ„Çø„Éº„Éê„ÉÉ„ÇØ„Çπ„Ç≥„Éº„Éí„Éº",1
"1179","#‡∏Ç‡∏≠‡∏á‡∏î‡∏µ‡∏ö‡∏≠‡∏Å‡∏ï‡πà‡∏≠‚Ä¶",1
"1180","#‡∏ä‡∏µ‡πâ‡πÄ‡∏õ‡πâ‡∏≤‡πÇ‡∏õ‡∏£‡∏ñ‡∏π‡∏Å",1
"1181","#„ÅÑ„Å°„Åî„ÇØ„É™„Éº„É†„Éï„É©„Éö„ÉÅ„Éº„Éé‚Ä¶",1
"1182","#‡∏™‡∏≤‡∏¢‡∏Å‡∏¥‡∏ô‡∏ü‡∏¥‡∏ô‡πÑ‡∏õ‡∏≠‡∏µ‡∏Å",1
"1183","#‡∏°‡∏±‡∏ô‡∏à‡∏∞‡∏≠‡πâ‡∏ß‡∏ô‡πÜ‡∏´‡∏ô‡πà‡∏≠‡∏¢",1
"1184","#‡πÑ‡∏°‡πà‡∏≠‡∏£‡πà‡∏≠‡∏¢‡∏≠‡∏¢‡πà‡∏≤‡πÅ‡∏î‡∏Å",1
"1185","#‡∏ó‡∏≥‡∏Å‡∏¥‡∏ô‡πÑ‡∏î‡πâ‡∏á‡πà‡∏≤‡∏¢‡∏à‡∏±‡∏á",1
"1186","#‡∏Å‡∏¥‡∏á‡∏Å‡πà‡∏≠‡∏á‡∏û‡∏µ‡πà‡πÅ‡∏ó‡∏à‡∏∞‡∏°‡∏≤",1
"1187","#„ÇØ„É©„Ç∑„ÉÉ„ÇØ„ÉÜ„Ç£„Éº„ÇØ„É™„Éº„É†„Éï„É©„Éö„ÉÅ„Éº„Éé‚Ä¶",1
"1188","#„ÇΩ„Ç§„Ç¢„É°„É™„Ç´„É≥„ÉÅ„Çß„É™„Éº„Éë„Ç§„Éï„É©„Éö„ÉÅ„Éº„Éé‚Ä¶",1
"1189","#01)",1
"1190","#038;",1
"1191","#0514",1
"1192","#1.",1
"1193","#100",1
"1194","#11255.",1
"1195","#1152665",1
"1196","#1/2off",1
"1197","#14",1
"1198","#$16",1
"1199","#16-Pack",1
"1200","#1for1",1
"1201","#1stAvenueMall",1
"1202","#2",1
"1203","#2017DatingAdvice",1
"1204","#215Tod‚Ä¶",1
"1205","#‡∏Å‡∏¥‡∏ô24‡∏ä‡∏±‡πà‡∏ß‡πÇ‡∏°‡∏á",1
"1206","#359",1
"1207","#3-6pm",1
"1208","#389kcalŒ£(Ôø£„ÄÇÔø£Ôæâ)Ôæâ",1
"1209","#39;s",1
"1210","#3days",1
"1211","#3Dfoodart",1
"1212","#3oclocksomewhere",1
"1213","#3points",1
"1214","#4946memo",1
"1215","#‡πÄ‡∏ú‡∏∑‡πà‡∏≠‡πÉ‡∏Ñ‡∏£‡πÑ‡∏°‡πà‡∏≠‡∏¢‡∏≤‡∏Å‡πÄ‡∏õ‡∏•‡∏∑‡∏≠‡∏á4G",1
"1216","#4yearsold‚Ä¶",1
"1217","#50daysofEaster",1
"1218","#59gramsofsugar",1
"1219","#7eleven",1
"1220","#80sthrme",1
"1221","#901‚Ä¶",1
"1222","#919RALEIGH",1
"1223","#95",1
"1224","#abigailgrace",1
"1225","#AbriendoLaConversacion",1
"1226","#acronyms",1
"1227","#acrylicpaint",1
"1228","#acting's",1
"1229","#addict",1
"1230","#addicted?",1
"1231","#Addicted",1
"1232","#addicting",1
"1233","#advertising",1
"1234","#affiliatessignup#affiliatesnetwork",1
"1235","#affogatoalcaff√®",1
"1236","#affogatostyle",1
"1237","#Affogatostyle",1
"1238","#AffogatoStyle",1
"1239","#after",1
"1240","#aftereight",1
"1241","#afternoon",1
"1242","#afternooncravings",1
"1243","#afterworkchill",1
"1244","#agein",1
"1245","#Aguascalientes",1
"1246","#ahteaco",1
"1247","#aiiuda",1
"1248","#alabama",1
"1249","#AlbertDodd,#5for5,#endlessfreeleads",1
"1250","#alcohol‚Ä¶",1
"1251","#Alert",1
"1252","#algo",1
"1253","#AlisKitchen",1
"1254","#allidoiseat",1
"1255","#allstar",1
"1256","#allstartrek",1
"1257","#allwehaveisdunkinatwork",1
"1258","#AlMomento",1
"1259","#almondmilk",1
"1260","#almostsummer",1
"1261","#alonetime‚Ä¶",1
"1262","#ALSB_IP",1
"1263","#AlwaysDreaming",1
"1264","#AmanoraMall",1
"1265","#america",1
"1266","#AmericaIsAwesome",1
"1267","#american",1
"1268","#americancherrypie",1
"1269","#americancherrypiefrappucino",1
"1270","#AmericanGods",1
"1271","#americano",1
"1272","#Amigos",1
"1273","#Amo",1
"1274","#Amor",1
"1275","#„Çπ„Éà„É≠„Éô„É™„Éº&amp;„ÇØ„É™„Éº„É†„Éï„É©„Éö„ÉÅ„Éº„Éé",1
"1276","#amreading",1
"1277","#Amsterdam",1
"1278","#amusementpark",1
"1279","#an2017",1
"1280","#anarecovery‚Ä¶",1
"1281","#Anchorage",1
"1282","#and‚Ä¶",1
"1283","#And",1
"1284","#androbrix1",1
"1285","#android",1
"1286","#aniary",1
"1287","#animals",1
"1288","#animebillymii‚Ä¶",1
"1289","#anniversary",1
"1290","#annoyed",1
"1291","#antiaging",1
"1292","#anythingforher",1
"1293","#anywayyoulikeit",1
"1294","#apple",1
"1295","#appropriate",1
"1296","#arborhills",1
"1297","#ArdenEats",1
"1298","#area51",1
"1299","#area51‚Ä¶",1
"1300","#arequipa",1
"1301","#arequipe",1
"1302","#Argentina",1
"1303","#ArianaGrande",1
"1304","#army",1
"1305","#AroiBKK",1
"1306","#artüåé",1
"1307","#artüé®",1
"1308","#artjournal",1
"1309","#artjournaling",1
"1310","#asianbaby",1
"1311","#AskMark",1
"1312","#Asturias",1
"1313","#atlantis",1
"1314","#attitude",1
"1315","#atui",1
"1316","#aura",1
"1317","#Auspol",1
"1318","#AutoMob",1
"1319","#b‚Ä¶",1
"1320","#B‚Ä¶",1
"1321","#Babetime",1
"1322","#baby",1
"1323","#Baby‚Ä¶",1
"1324","#babybro",1
"1325","#backtogermany",1
"1326","#badjokes",1
"1327","#badminton",1
"1328","#badtiming",1
"1329","#bae",1
"1330","#bag",1
"1331","#B&amp;N‚Ä¶",1
"1332","#bangoruni",1
"1333","#banoffee",1
"1334","#bappyhour",1
"1335","#bar‚Ä¶",1
"1336","#baraistalife",1
"1337","#barista‚Ä¶",1
"1338","#BARISTA",1
"1339","#BaristaLyfe",1
"1340","#baristas",1
"1341","#baristas‚Ä¶",1
"1342","#baristaschoice‚Ä¶",1
"1343","#barnes&amp;noblecafe",1
"1344","#BarnesandNoble",1
"1345","#BarnesAndNobleCafe",1
"1346","#bars",1
"1347","#baruno",1
"1348","#basic,",1
"1349","#BASIC",1
"1350","#basicmidget",1
"1351","#basicstarbucks‚Ä¶",1
"1352","#basicwhitegirlstatus",1
"1353","#batman",1
"1354","#bayarea",1
"1355","#bbarhappy",1
"1356","#BCITSoc",1
"1357","#BCKesehatan",1
"1358","#bday",1
"1359","#beach",1
"1360","#beach.",1
"1361","#beachlife‚Ä¶",1
"1362","#beachvibes",1
"1363","#beats‚Ä¶",1
"1364","#beattheheat",1
"1365","#beautiful",1
"1366","#beautifulcity",1
"1367","#beautifulday",1
"1368","#beautyblog‚Ä¶",1
"1369","#beautycosmetics",1
"1370","#BeautyTutorial",1
"1371","#bedandbreakfast",1
"1372","#Beeston",1
"1373","#BeFatwithBea",1
"1374","#belfastblogger",1
"1375","#Bellevue",1
"1376","#Benchmarks",1
"1377","#beritaterkini",1
"1378","#berlin",1
"1379","#best‚Ä¶",1
"1380","#besties",1
"1381","#BestOfTheWeek",1
"1382","#BestStarbucksEver",1
"1383","#besttimeoftheyear",1
"1384","#BetterLateThanNever",1
"1385","#betterthanUnicorn",1
"1386","#betyougotasongstuckinyoheadnow",1
"1387","#BevWire",1
"1388","#bf",1
"1389","#Bff",1
"1390","#bff#thx#lub#min#yuk#starbucks#strawberry#frappuccino#shoes#newbalance#converse#intere‚Ä¶",1
"1391","#bhivelabs",1
"1392","#big",1
"1393","#bigfootfrappuccino",1
"1394","#bignuggetandcorn",1
"1395","#bikini",1
"1396","#bikinis",1
"1397","#billandted",1
"1398","#birthdaycake",1
"1399","#BirthdayReward",1
"1400","#bisnis",1
"1401","#BizTip",1
"1402","#bjd",1
"1403","#bjddoll",1
"1404","#BKKMenu",1
"1405","#BlackForest",1
"1406","#BlackInTheForest",1
"1407","#BlackNews",1
"1408","#blacktea",1
"1409","#BlackTwitter",1
"1410","#blech",1
"1411","#blended",1
"1412","#blendedcoffee",1
"1413","#bless",1
"1414","#blessed‚Ä¶",1
"1415","#bliebers",1
"1416","#bliss",1
"1417","#Blog",1
"1418","#blogger‚Ä¶",1
"1419","#blogpost",1
"1420","#blond",1
"1421","#blondhair",1
"1422","#blondi",1
"1423","#blondie",1
"1424","#bmwm‚Ä¶",1
"1425","#BNAVLmall",1
"1426","#bnbethlehem",1
"1427","#bnboise",1
"1428","#bnbookpassion",1
"1429","#bnbraintree‚Ä¶",1
"1430","#BNBuzz",1
"1431","#bncafe‚Ä¶",1
"1432","#bnfairfax",1
"1433","#BNGlastonbury",1
"1434","#bngoodyear",1
"1435","#bngr",1
"1436","#bnhappyhour",1
"1437","#BNHappyHour",1
"1438","#BNHarrisonburg",1
"1439","#bnlittlerock",1
"1440","#bnlongwood",1
"1441","#BNMacon",1
"1442","#BNmembers",1
"1443","#bnmidwest",1
"1444","#bnmidwest‚Ä¶",1
"1445","#BNNashua",1
"1446","#bnnewnan",1
"1447","#BNNewportNews",1
"1448","#bnspired",1
"1449","#BNspired",1
"1450","#BNspired‚Ä¶",1
"1451","#boardweek",1
"1452","#bogo",1
"1453","#bolacafe",1
"1454","#bom",1
"1455","#bomb",1
"1456","#bonbonart",1
"1457","#BondTrumpBond",1
"1458","#booktube",1
"1459","#bookworm",1
"1460","#boosh",1
"1461","#boracaytrip",1
"1462","#bornfortravel‚Ä¶",1
"1463","#bossinheels‚Ä¶",1
"1464","#boxing",1
"1465","#boy",1
"1466","#Boycott4ever",1
"1467","#boycottcoffeemermaid",1
"1468","#boycottstarbucks",1
"1469","#BOYCOTTSTARBUCKS",1
"1470","#brainstorming",1
"1471","#brand",1
"1472","#branding",1
"1473","#Branding",1
"1474","#BrandNewon",1
"1475","#BranketingBlog:‚Ä¶",1
"1476","#break.",1
"1477","#break‚Ä¶",1
"1478","#Breakfast:",1
"1479","#Breaktime",1
"1480","#Brescia",1
"1481","#bright",1
"1482","#brilliantidea",1
"1483","#bringsomelatincoffee",1
"1484","#britishcountryside",1
"1485","#Brooklyncoffeeshop",1
"1486","#browniemilkshake",1
"1487","#BSAFun‚Ä¶",1
"1488","#BSAFunds",1
"1489","#BubbleCoffee",1
"1490","#Bubbletea",1
"1491","#bucks",1
"1492","#BuildTheWall",1
"1493","#Bulbasuar",1
"1494","#BummerAlert",1
"1495","#bunny",1
"1496","#Busan",1
"1497","#Business‚Ä¶",1
"1498","#businessnews",1
"1499","#BusinessNews",1
"1500","#ButFirstCoffee",1
"1501","#ButNoCoffee‚Ä¶",1
"1502","#butterbeer",1
"1503","#butterbeerfrappuccino",1
"1504","#butterscotchfrappuccino",1
"1505","#buy",1
"1506","#buzz",1
"1507","#buzz‚Ä¶",1
"1508","#Buzzfeed",1
"1509","#byyyefelicia",1
"1510","#cafe‚Ä¶",1
"1511","#caf√©",1
"1512","#CafeDelParque",1
"1513","#cafedoponto",1
"1514","#cafericanpr",1
"1515","#caffe",1
"1516","#caff√®",1
"1517","#caffeine...",1
"1518","#CaffeineAddict",1
"1519","#cake",1
"1520","#Caltex",1
"1521","#Canada.",1
"1522","#Canada‚Ä¶",1
"1523","#cangkrukangresik",1
"1524","#canigetanAMEN",1
"1525","#CAPIdeas",1
"1526","#cappucino",1
"1527","#car",1
"1528","#caramelandotherthings",1
"1529","#CaramelBrulee‚Ä¶",1
"1530","#CaramelCocoaCluster",1
"1531","#caramelfrappuccino",1
"1532","#caramelicemacchiato...‚Ä¶",1
"1533","#caramello",1
"1534","#CaramelMacchiatoFrappuccino",1
"1535","#caramelo",1
"1536","#cardboard",1
"1537","#Carmel",1
"1538","#carmelFrappuccino",1
"1539","#Carolina",1
"1540","#carrowinds",1
"1541","#CartoonNetwork",1
"1542","#carwash",1
"1543","#case",1
"1544","#Case:",1
"1545","#catalystcubeacid‚Ä¶",1
"1546","#catface‚Ä¶",1
"1547","#catherinetate",1
"1548","#catholic",1
"1549","#catsofinstagram‚Ä¶",1
"1550","#CBEliteracy",1
"1551","#cbsnews",1
"1552","#CCOT",1
"1553","#CelebrateMonday",1
"1554","#CelebrateWomen",1
"1555","#Celebrity",1
"1556","#celebritynews",1
"1557","#centraljersey",1
"1558","##chantilly",1
"1559","#ChathamMadison",1
"1560","#cheers‚Ä¶‚Ä¶",1
"1561","#cheese",1
"1562","#cheesecake‚Ä¶",1
"1563","#chelseavarsenal‚Ä¶",1
"1564","#chevrolet",1
"1565","#Chicago",1
"1566","#chiffon",1
"1567","#children",1
"1568","#Chile",1
"1569","#chillspot‚Ä¶",1
"1570","#ChitatoDoUsAFlavor",1
"1571","#chocolat‚Ä¶",1
"1572","#chocolate‚Ä¶",1
"1573","#Chocolate‚Ä¶",1
"1574","#ChocolateChip",1
"1575","#ChocolateCupcakeOnTheSide",1
"1576","#chocolatemint",1
"1577","#chocolatemint‚Ä¶",1
"1578","#chocolate#strawberry#frappuccino#yum",1
"1579","#chucktaylor",1
"1580","#churchwi‚Ä¶‚Ä¶",1
"1581","#Churro",1
"1582","#ChurroFrappucino",1
"1583","#churros",1
"1584","#churrumaiz",1
"1585","#cibo",1
"1586","#ciencia",1
"1587","#cincodemayo",1
"1588","#CindyMHealthyLiving",1
"1589","#cinnamon",1
"1590","#CinnamonToast",1
"1591","#citrus",1
"1592","#claesoldenburginspired",1
"1593","#classiccreamteafrappuccino",1
"1594","#classicteacreamfrappuccino",1
"1595","#cleam",1
"1596","#clips",1
"1597","#club",1
"1598","#clubhouse",1
"1599","#clubsandwich",1
"1600","#cmgr",1
"1601","#Co‚Ä¶",1
"1602","#cocacola",1
"1603","#Cocktail‚Ä¶",1
"1604","#cocktails",1
"1605","#cococluster",1
"1606","#Coconut‚Ä¶",1
"1607","#COCOnut!!!",1
"1608","#COCONUT",1
"1609","#coconutstrawberry",1
"1610","#CodiePrevost",1
"1611","#coffee,",1
"1612","#coffee.",1
"1613","#CoffeeAddict",1
"1614","#coffeeart",1
"1615","#coffeebag",1
"1616","#coffeebreak‚Ä¶",1
"1617","#coffeecoffeecoffee",1
"1618","#coffeecup‚Ä¶",1
"1619","#CoffeeFrappuccino",1
"1620","#coffeelife",1
"1621","#coffeelove",1
"1622","#coffeelover‚Ä¶",1
"1623","#coffeelovrr",1
"1624","#CoffeeMug",1
"1625","#coffeesesh",1
"1626","#CoffeeShots",1
"1627","#coffeespecial",1
"1628","#CoffeeTime",1
"1629","#coffee#unicorn",1
"1630","#CoffeeWar",1
"1631","#coffelover",1
"1632","#coldbrew",1
"1633","#ColdBrew",1
"1634","#ColdBrew...",1
"1635","#ColdBrew#TEVANA#starbucksuk",1
"1636","#coldcoffee",1
"1637","#ColdCraft",1
"1638","#colddrinks",1
"1639","#ColdPorcelain",1
"1640","#collab",1
"1641","#college",1
"1642","#color‚Ä¶",1
"1643","#colorful",1
"1644","#colors",1
"1645","#ColourBurst",1
"1646","#Comedy",1
"1647","#ComeOnMan",1
"1648","#comingsoon",1
"1649","#communication",1
"1650","#Communication",1
"1651","#CommunityManager",1
"1652","#comprehension",1
"1653","#cons‚Ä¶",1
"1654","#Conservativebarista",1
"1655","#conspiracy",1
"1656","#Consumer",1
"1657","#contentmarketing",1
"1658","#contest...",1
"1659","#CONTEST",1
"1660","#controversy:",1
"1661","#converse",1
"1662","#conversered",1
"1663","#Cookiedough",1
"1664","#cookies",1
"1665","#cookiesandcream",1
"1666","#CookiesandCream",1
"1667","#cookiestraw",1
"1668","#CookingAndRecipes",1
"1669","#cool",1
"1670","#cool‚Ä¶",1
"1671","#coolatta",1
"1672","#cooldowntime",1
"1673","#cooldrinks",1
"1674","#copycat",1
"1675","#Copying",1
"1676","#copyright",1
"1677","#CopyrightInfringement",1
"1678","#cosmetics",1
"1679","#cottoncandy‚Ä¶",1
"1680","#couldntresist",1
"1681","#counterproductive",1
"1682","#court",1
"1683","#courtsmatter",1
"1684","#COYW",1
"1685","#CoZaPrzegryw",1
"1686","#cram",1
"1687","#creamdonuts",1
"1688","#creamtea",1
"1689","#create",1
"1690","#creating",1
"1691","#CreCommPR",1
"1692","#Creme",1
"1693","#crowded",1
"1694","#CRPE",1
"1695","#cruising",1
"1696","#CTOT",1
"1697","#Cucina",1
"1698","#Culinary",1
"1699","#culture",1
"1700","#Culture",1
"1701","#Culture‚Ä¶",1
"1702","#cupcakes",1
"1703","#cupcakke",1
"1704","#Curiosidades",1
"1705","#CURIOSIDADES...",1
"1706","#CuriousGeorge",1
"1707","#custom",1
"1708","#Customers",1
"1709","#cute",1
"1710","#Cute",1
"1711","#CuteNailArt",1
"1712","#CZECH",1
"1713","#d‚Ä¶",1
"1714","#dabomb",1
"1715","#daddy",1
"1716","#DanaDairy",1
"1717","#dance",1
"1718","#DanceMoms",1
"1719","#dangit‚Ä¶",1
"1720","#dark",1
"1721","#darkchocolate",1
"1722","#darkmochafrappe‚Ä¶",1
"1723","#DarkMochaVenti",1
"1724","#darkside",1
"1725","#Dating",1
"1726","#DavidTennant",1
"1727","#day‚Ä¶",1
"1728","#day8",1
"1729","#dayoff",1
"1730","#dayoff‚Ä¶",1
"1731","#deal",1
"1732","#DealCatcher",1
"1733","#Deals‚Ä¶",1
"1734","#deananddeluca",1
"1735","#DearRyan",1
"1736","#decisions",1
"1737","#definitelyamanicmonday",1
"1738","#Delicia‚Ä¶",1
"1739","#deliciouis",1
"1740","#delicious!",1
"1741","#delicious.",1
"1742","#delish",1
"1743","#delken",1
"1744","#DemForce",1
"1745","#Deontem",1
"1746","#depressedbarista",1
"1747","#deptford",1
"1748","#DerbyDay‚Ä¶",1
"1749","#Des‚Ä¶",1
"1750","#DescubreTuSabor",1
"1751","#Desespoir",1
"1752","#Dessert",1
"1753","#DessertPorn",1
"1754","#desserts",1
"1755","#Diabeetus",1
"1756","#DiabetasolID",1
"1757","#DiabetasolQuiz",1
"1758","#diabeteschallenge",1
"1759","#diabetescup",1
"1760","#diabetesforum17",1
"1761","#diabetesinacup",1
"1762","#diabetesplate‚Ä¶",1
"1763","#diadasm√£es",1
"1764","#dick,",1
"1765","#DickieRecommends",1
"1766","#DidItForTheAdrenalineRush",1
"1767","#Digg",1
"1768","#DigitalMa‚Ä¶",1
"1769","#digitalmarketing",1
"1770","#DigitalMedia:",1
"1771","#DigitosDmMarketing",1
"1772","#dilution",1
"1773","#dingding",1
"1774","#dinosaur‚Ä¶",1
"1775","#DinosaurSurprise",1
"1776","#discount",1
"1777","#disneysprings",1
"1778","#district287rocks",1
"1779","#DIY#",1
"1780","#diymaker",1
"1781","#DiyNailArt",1
"1782","#DiyNails‚Ä¶",1
"1783","#doctordonna",1
"1784","#DoctorWho",1
"1785","#dogs",1
"1786","#dogsh*t",1
"1787","#dogslife‚Ä¶",1
"1788","#dogsoftwitter",1
"1789","#dolcegabbana",1
"1790","#dollardays",1
"1791","#DomainName",1
"1792","#dondeloslobo",1
"1793","#donna‚Ä¶",1
"1794","#dontcare",1
"1795","#donuts",1
"1796","#dotd",1
"1797","#double",1
"1798","#Doublechocolatychipcr√®me",1
"1799","#doughnuts",1
"1800","#Dowhatevadafukyouwannado",1
"1801","#dragon",1
"1802","#dragonflynails",1
"1803","#dragonfrap",1
"1804","#DragonFrappuccino",1
"1805","#dragrace",1
"1806","#dramz",1
"1807","#DrCafe",1
"1808","#dreaming",1
"1809","#Drink",1
"1810","#drinkcomboscominginhot‚Ä¶",1
"1811","#drinking",1
"1812","#drinkit",1
"1813","#drinkoftheday",1
"1814","#DrinkOfTheDay",1
"1815","#drinkporn",1
"1816","#drinkrecipe",1
"1817","#Drinks",1
"1818","#DrinksAllAround",1
"1819","#drive",1
"1820","#drive_thru‚Ä¶",1
"1821","#Drop",1
"1822","#drugs",1
"1823","#DSNWeird",1
"1824","#dubai",1
"1825","#DulceDeLeche",1
"1826","#Dumbnews",1
"1827","#dunkindonuts",1
"1828","#DunkinDonutsPublix",1
"1829","#dvolada",1
"1830","#eaglediningusm‚Ä¶",1
"1831","#Eat‚Ä¶",1
"1832","#eatwhatyouwantday",1
"1833","#EatWhatYouWantDay",1
"1834","#eBay",1
"1835","#editing",1
"1836","#editing‚Ä¶",1
"1837","#Editing#Re-touch#Brochure?Contact",1
"1838","#EFFECTOReyewear",1
"1839","#elote",1
"1840","#eloteunicornio",1
"1841","#emilyquote",1
"1842","#emma",1
"1843","#engineering",1
"1844","#Enjoy",1
"1845","#Ent√©rate",1
"1846","#entrecopine",1
"1847","#entrepeneur",1
"1848","#eQuily",1
"1849","#esokk",1
"1850","#Espresso",1
"1851","#EspressoFrappuccinoBlendedBeverage",1
"1852","#essentials‚Ä¶",1
"1853","#eurovision",1
"1854","#Eurovision2017",1
"1855","#evening",1
"1856","#eveningcoffee",1
"1857","#exams‚Ä¶",1
"1858","#excellentadventure",1
"1859","#excited",1
"1860","#exha",1
"1861","#exhausted",1
"1862","#exportfood",1
"1863","#ExpressHatred",1
"1864","#ExternalAPI.",1
"1865","#extramint",1
"1866","#fa‚Ä¶‚Ä¶",1
"1867","#fab51partners",1
"1868","#FABULOUS",1
"1869","#Facebook",1
"1870","#Fact",1
"1871","#facts",1
"1872","#facup",1
"1873","#faith",1
"1874","#fakefood",1
"1875","#fakenews",1
"1876","#family",1
"1877","#Family",1
"1878","#familymart",1
"1879","#familysize",1
"1880","#familyvlog",1
"1881","#FanFlavours",1
"1882","#FanFromchicago",1
"1883","#fansdestarbucks",1
"1884","#Farm",1
"1885","#Fashion",1
"1886","#fashionbloggers‚Ä¶",1
"1887","#fatty",1
"1888","#fauxdori",1
"1889","#fauxfood",1
"1890","#Fav",1
"1891","#favourite",1
"1892","#FeelingIstarbaks",1
"1893","#FEELSLIKEWAR",1
"1894","#Feet",1
"1895","#Felicidades",1
"1896","#felizdia",1
"1897","#felizdiadelamam√°",1
"1898","#FelizDomingo",1
"1899","#feltfusion",1
"1900","#ferrerorocher",1
"1901","#FerreroRocher",1
"1902","#fff",1
"1903","#fieldworkIsComplete",1
"1904","#filmmakers",1
"1905","#finals",1
"1906","#finance",1
"1907","#Findom",1
"1908","#fire",1
"1909","#firstsummer",1
"1910","#firsttime‚Ä¶",1
"1911","#firstworldproblems",1
"1912","#FirstWorldProblems",1
"1913","#FishRichardson",1
"1914","#fit",1
"1915","#fitbit!",1
"1916","#Fitness",1
"1917","#fitnessworldabs‚Ä¶",1
"1918","#FivthXperience",1
"1919","#Flint",1
"1920","#flow",1
"1921","#flyer#Rack",1
"1922","#FM105",1
"1923","#Fmcg",1
"1924","#follow‚Ä¶",1
"1925","#follow4follow",1
"1926","#FollowMe",1
"1927","#FollowTrick",1
"1928","#food...",1
"1929","#Food4Me",1
"1930","#foodandwine",1
"1931","#FoodAndWine",1
"1932","#foodblogger",1
"1933","#FoodFood",1
"1934","#foodgasm",1
"1935","#foodgrocery",1
"1936","#foodhack",1
"1937","#foodie....",1
"1938","#Foodie",1
"1939","#foodie_youtuber",1
"1940","#foodinnovation",1
"1941","#FoodInnovationNews",1
"1942","#foodnerd‚Ä¶",1
"1943","#foodpic",1
"1944","#foodpor‚Ä¶‚Ä¶",1
"1945","#Foodporn",1
"1946","#foods",1
"1947","#FOODTAKU",1
"1948","#FoodTrends",1
"1949","#football",1
"1950","#for",1
"1951","#foreverinlove",1
"1952","#Forex:",1
"1953","#FOTD",1
"1954","#fourley",1
"1955","#Foxy604",1
"1956","#Frap",1
"1957","#FrapHappyHour",1
"1958","#FrapLife",1
"1959","#frapp‚Ä¶",1
"1960","#Frappe/#Frappuccino",1
"1961","#frappehour",1
"1962","#frappesforlife",1
"1963","#frappfriday",1
"1964","#FrappHappy",1
"1965","#FrappHappyHour",1
"1966","#frappiness",1
"1967","#frapps",1
"1968","#frappucc‚Ä¶‚Ä¶",1
"1969","#Frappucci‚Ä¶",1
"1970","#Frappuccin‚Ä¶",1
"1971","#frappuccino!",1
"1972","#frappuccino!!",1
"1973","#Frappuccinoüòã",1
"1974","#FRAPPUCCINO",1
"1975","#frappuccinocaramel",1
"1976","#frappuccinocaramel‚Ä¶",1
"1977","#frappuccinocasero",1
"1978","#frappuccinoforthrweekend",1
"1979","#FrappuccinoFriday",1
"1980","#FrappuccinoFriday!",1
"1981","#FrappuccinoH‚Ä¶",1
"1982","#FrappuccinoHappyHou‚Ä¶",1
"1983","#frappuccinohappyhour?",1
"1984","#FrappuccinohappyhourüòÄ",1
"1985","#FrappuccinoHappyHour;",1
"1986","#FrappuccinoHappyHour‚Ä¶‚Ä¶",1
"1987","#frappuccinohappyhour2017",1
"1988","#FrappuccinoHappyPasses",1
"1989","#Frappuccino....Just",1
"1990","#frappuccinos:",1
"1991","#FrappuccinosAreForTeenagersTho",1
"1992","#FrappuccinoUnicorno",1
"1993","#frappuccino...w/extra",1
"1994","#FrappuccinoYogur",1
"1995","#frappuccion",1
"1996","#Frappucino!",1
"1997","#Frappucino‚Äô",1
"1998","#FrappucinoHappyHour",1
"1999","#frappucinohour",1
"2000","#frappucinos",1
"2001","#Frappyhour!",1
"2002","#FrappyHour.",1
"2003","#FRAPPYHOUR,",1
"2004","#FrappyMothersDayToMe",1
"2005","#frappyseason",1
"2006","#frappywithpappy.",1
"2007","#FrapQueen",1
"2008","#frapslap",1
"2009","#frapszn",1
"2010","#frapuccino‚Ä¶",1
"2011","#FrasesPaGordos",1
"2012","#FredagsFeeling?",1
"2013","#freddo",1
"2014","#free",1
"2015","#freecomicbookday",1
"2016","#freeday",1
"2017","#FreeSample",1
"2018","#freestyle",1
"2019","#fresh",1
"2020","#fresh‚Ä¶",1
"2021","#friday‚Ä¶",1
"2022","#fridayfeverüíï",1
"2023","#FridayMotivation",1
"2024","#friendsforever",1
"2025","#friyay",1
"2026","#From",1
"2027","#frugalfinds",1
"2028","#fruity‚Ä¶",1
"2029","#frustratedbarista",1
"2030","#Fuck",1
"2031","#fudge",1
"2032","#fukuoka",1
"2033","#FUN",1
"2034","#FunFact:",1
"2035","#funwithfamily",1
"2036","#Furtjuh",1
"2037","#gadgets",1
"2038","#GameFreak",1
"2039","#gamer...",1
"2040","#games",1
"2041","#ganas",1
"2042","#GandariaCity",1
"2043","#GardenCity",1
"2044","#GareDeL'Est",1
"2045","#gastronomy",1
"2046","#gay",1
"2047","#GCE810",1
"2048","#genieten",1
"2049","#georgia",1
"2050","#germangirls",1
"2051","#get",1
"2052","#getalife",1
"2053","#getinmybelly",1
"2054","#getthere",1
"2055","#getting",1
"2056","#getyourdrinkon",1
"2057","#getyourfrappon",1
"2058","#Ghiradelli",1
"2059","#Ginger",1
"2060","#Gingerfrappe",1
"2061","#GIORGIA25",1
"2062","#girlboss",1
"2063","#girlfriendwanted‚Ä¶",1
"2064","#girls",1
"2065","#girlsbestfriend",1
"2066","#girly‚Ä¶",1
"2067","#givanchy",1
"2068","#giveupsugarlater",1
"2069","#GKOn‚Ä¶",1
"2070","#Glassclass627!",1
"2071","#globalbiketoworkday",1
"2072","#GlobalGoodEmiUnicorns",1
"2073","#GMH's",1
"2074","#GoAheadLoadItUp",1
"2075","#gogetyourown",1
"2076","#goinghome",1
"2077","#GoldenBean",1
"2078","#goldmember",1
"2079","#gonetothesnowdogs",1
"2080","#good",1
"2081","#good.",1
"2082","#goodday",1
"2083","#GoodDay",1
"2084","#goodevening",1
"2085","#goodmorning",1
"2086","#goodmorning‚Ä¶",1
"2087","#goodnessinacup",1
"2088","#Goodnight",1
"2089","#goodtaste",1
"2090","#goodthingsforlife",1
"2091","#goodygoody‚Ä¶",1
"2092","#gorda",1
"2093","#GOSHDANGIT",1
"2094","#gottaloveadeal",1
"2095","#gra‚Ä¶‚Ä¶",1
"2096","#GraciasGuzii",1
"2097","#graduat‚Ä¶",1
"2098","#graduation",1
"2099","#graffity",1
"2100","#grande",1
"2101","#Grande100",1
"2102","#grandewednesday",1
"2103","#grandewednesdays",1
"2104","#GrandeWednesdays‚Ä¶",1
"2105","#gratid√£o‚Ä¶",1
"2106","#greatdeal.",1
"2107","#greatideasbystacey",1
"2108","#greedymoo",1
"2109","#green‚Ä¶",1
"2110","#Green",1
"2111","#greenlady",1
"2112","#greenstraw",1
"2113","#greentealatte",1
"2114","#greenteefrappuccino",1
"2115","#Greenwich",1
"2116","#grt",1
"2117","#gusto",1
"2118","#gw#starbucks#mango#frappuccino#instagood#instadaily#like4like#fo‚Ä¶‚Ä¶",1
"2119","#gyaru",1
"2120","#Haarfarbinspiration#",1
"2121","#hack",1
"2122","#HAE_NA19",1
"2123","#hairdye",1
"2124","#hairstyle",1
"2125","#hakata",1
"2126","#Half",1
"2127","#Half#ff",1
"2128","#Halfoff",1
"2129","#halfprice‚Ä¶",1
"2130","#HalfPrice",1
"2131","#HalfPrice‚Ä¶",1
"2132","#halfpricefrappuccinos...",1
"2133","#halfpriceoff",1
"2134","#HamburgPavilion",1
"2135","#Hammond‚Ä¶",1
"2136","#HamOnt",1
"2137","#handdyedyarn",1
"2138","#handmade",1
"2139","#handmodel",1
"2140","#hangout",1
"2141","#happeningnow",1
"2142","#happiness‚Ä¶",1
"2143","#happybday",1
"2144","#HappyEsha",1
"2145","#happyfinals",1
"2146","#HappyFrappyHour",1
"2147","#HappyFriday",1
"2148","#happyhour!",1
"2149","#HappyHour:",1
"2150","#HappyHour?ü§î",1
"2151","#happyhourfrappuccino",1
"2152","#HappyHourFrappuccino",1
"2153","#happyhourgonebad",1
"2154","#happyhourismydeath",1
"2155","#HappyHours",1
"2156","#HappyHour(s)",1
"2157","#happyhourscoming",1
"2158","#HappyMondays",1
"2159","#happymothersday‚Ä¶",1
"2160","#HappyMothersDay",1
"2161","#HappySunday",1
"2162","#happytummy‚Ä¶",1
"2163","#HappyVegan",1
"2164","#harrypotter",1
"2165","#HarryStylesConExa",1
"2166","#HarryStylesMexico",1
"2167","#hashbrowns",1
"2168","#haveniceday",1
"2169","#havetoworkouttwiceashard",1
"2170","#hawaiianshirts",1
"2171","#HazelnutSyrup",1
"2172","#hbd",1
"2173","#HCUVAThemeWeek",1
"2174","#headingforlunch",1
"2175","#headlines",1
"2176","#health",1
"2177","#healthfreak",1
"2178","#healthgod",1
"2179","#healthy‚Ä¶",1
"2180","#heavenly",1
"2181","#HeavenOnEarth",1
"2182","#HeChoseSmores",1
"2183","#Helado",1
"2184","#helados",1
"2185","#HeladosSantaClara",1
"2186","#hellorobin",1
"2187","#HelloSummer",1
"2188","#helloweekend",1
"2189","#helpingmedomytodolist‚Ä¶",1
"2190","#HermosoLugar",1
"2191","#HerWhey",1
"2192","#HieloFrio",1
"2193","#HijaDe11",1
"2194","#hilarious",1
"2195","#hireme",1
"2196","#hiroshima",1
"2197","#hkblog",1
"2198","#hkblogger",1
"2199","#hoarde",1
"2200","#hollywoodumc",1
"2201","#hollywoodupdates",1
"2202","#holonails",1
"2203","#homebusiness",1
"2204","#Homemade",1
"2205","#hona",1
"2206","#honey‚Ä¶",1
"2207","#honeymooners",1
"2208","#honeysugar",1
"2209","#honolulu",1
"2210","#hotday",1
"2211","#hotdeals",1
"2212","#HOURS",1
"2213","#househunting",1
"2214","#HoustonYoungProfessionals",1
"2215","#HowDouConnect",1
"2216","#HoyLunesTeDigoQue",1
"2217","#http://f‚Ä¶",1
"2218","#hufflepunk",1
"2219","#humiliation‚Ä¶",1
"2220","#humor",1
"2221","#HumorEnature",1
"2222","#humour",1
"2223","#hungryfatguy",1
"2224","#hungrygirlla",1
"2225","#hurtbuilding",1
"2226","#HurtPlaza",1
"2227","#hyped",1
"2228","#IBelieveInUnicorns",1
"2229","#iceblended",1
"2230","#icecold",1
"2231","#icecream‚Ä¶",1
"2232","#icedcappucino",1
"2233","#IcedCoffee",1
"2234","#IcedLatte",1
"2235","#icedtea",1
"2236","#IDont‚Ä¶",1
"2237","#idonthateit",1
"2238","#IDontNeedSleep",1
"2239","#IEPwriting",1
"2240","#IESocial",1
"2241","#ifyouknowyouknow",1
"2242","#ig_baby",1
"2243","#igers‚Ä¶",1
"2244","#igerstoronto",1
"2245","#igkids",1
"2246","#IHateTimWaterman",1
"2247","#IHateYouWeather",1
"2248","#IHaveAProblem",1
"2249","#IHeartHotels",1
"2250","#Ikhlas",1
"2251","#iLife‚Ä¶",1
"2252","#iLikeTheirPettiness",1
"2253","#IllAlwaysRegret",1
"2254","#illustration",1
"2255","#Iloceyouguys",1
"2256","#ilovecoffee",1
"2257","#ILoveCoffee",1
"2258","#ILovePlaymobil",1
"2259","#ILoveStarbucks",1
"2260","#iloveyouh",1
"2261","#imadeahugemistake",1
"2262","#imamess",1
"2263","#ImBeginningToSuspect",1
"2264","#imfromLA",1
"2265","#iminlove",1
"2266","#ImLovinIt",1
"2267","#imnotmad",1
"2268","#In",1
"2269","#Inc",1
"2270","#INC",1
"2271","#indiedyer",1
"2272","#Indonesia1Kata",1
"2273","#infos",1
"2274","#infringement",1
"2275","#innovation",1
"2276","#Innovation",1
"2277","#inovation‚Ä¶",1
"2278","#inst‚Ä¶‚Ä¶",1
"2279","#insta‚ù§Ô∏è‚Ä¶",1
"2280","#instacoffee‚Ä¶",1
"2281","#Instacoffee",1
"2282","#instadaily‚Ä¶",1
"2283","#instadrink",1
"2284","#instagirl",1
"2285","#instagram‚Ä¶",1
"2286","#Instagram",1
"2287","#instagramer",1
"2288","#instamood",1
"2289","#instances",1
"2290","#instanchile",1
"2291","#instantaddiction",1
"2292","#Interiors‚Ä¶",1
"2293","#internetmarketing",1
"2294","#InternetMarketing",1
"2295","#InvestigacionDOCUEMNTAL",1
"2296","#Investors‚Ä¶",1
"2297","#ip",1
"2298","#IP",1
"2299","#ipad",1
"2300","#iPhone7",1
"2301","#iPhone7Plus",1
"2302","#ipnews",1
"2303","#irish",1
"2304","#irvine",1
"2305","#istanbul‚Ä¶",1
"2306","#ist…ôyir…ôm",1
"2307","#isuzu",1
"2308","#It",1
"2309","#Italia",1
"2310","#ItsGoinDown",1
"2311","#ItWasALongWeek",1
"2312","#ItWasNativeLand",1
"2313","#iwonderif",1
"2314","#JagsForLife",1
"2315","#jaguerzon",1
"2316","#jaguerzon‚Ä¶",1
"2317","#Japan.",1
"2318","#Jarritos",1
"2319","#java!",1
"2320","#javachip‚Ä¶",1
"2321","#Javachip",1
"2322","#JavaChip",1
"2323","#JavaChipFrappuccino",1
"2324","#JavaChips",1
"2325","#javachocolatechip",1
"2326","#JAXNATION",1
"2327","#jeep‚Ä¶",1
"2328","#Jepang",1
"2329","#Jesusfixit",1
"2330","#jk",1
"2331","#joey",1
"2332","#Joeysworldtour",1
"2333","#JoliePedregal?",1
"2334","#JoliePedregal.",1
"2335","#JP2Radio",1
"2336","#juanita",1
"2337","#JudgeMe",1
"2338","#judgemeidgaf",1
"2339","#jueves",1
"2340","#JulieFrapMakingQueen",1
"2341","#JustAJThings",1
"2342","#justice‚Ä¶",1
"2343","#Justice",1
"2344","#JustIn",1
"2345","#JustinBBMAs",1
"2346","#justintime",1
"2347","#justloadmeuponsugarthanks",1
"2348","#justRememberCaucasiansDidntDiscoverAmerica",1
"2349","#JustThoughtYouShouldKnow",1
"2350","#justwhatineeded",1
"2351","#juul",1
"2352","#kaffe",1
"2353","#KAG",1
"2354","#kawaii",1
"2355","#keto",1
"2356","#keystone",1
"2357","#Kick",1
"2358","#kidshappyhour",1
"2359","#killingfields",1
"2360","#Kin24hrs",1
"2361","#KingsCross",1
"2362","#kingsdominion‚Ä¶",1
"2363","#‚ôîKingsleyNe‚Ä¶",1
"2364","#Kitashinchi",1
"2365","#kiwi",1
"2366","#klamathfallsstarbucks",1
"2367","#knitting",1
"2368","#kodaniservicearea",1
"2369","#Korea‚Ä¶",1
"2370","#kosmo",1
"2371","#ksleg",1
"2372","#kuch",1
"2373","#kunia",1
"2374","#KunyariangDate",1
"2375","#kv",1
"2376","#kwequipped",1
"2377","#KyDerby",1
"2378","#KYOaks‚Ä¶",1
"2379","#lactoseintollerantprobs",1
"2380","#lalalalala‚Ä¶",1
"2381","#lamb",1
"2382","#lareinacroquetilla",1
"2383","#lareinacroquetilla‚Ä¶",1
"2384","#LastDay",1
"2385","#lastminuteediting",1
"2386","#lastweek‚Ä¶",1
"2387","#Lat",1
"2388","#latergram",1
"2389","#latest‚Ä¶",1
"2390","#Latest",1
"2391","#Latestnews",1
"2392","#LateTweet",1
"2393","#latex",1
"2394","#latexleggings",1
"2395","#latina",1
"2396","#LatinStyle",1
"2397","#Latte",1
"2398","#latteart",1
"2399","#lattes,",1
"2400","#LaVidaModerna",1
"2401","#lawsuit‚Ä¶",1
"2402","#LeadsGeneration",1
"2403","#legal",1
"2404","#legalbizglobal.com",1
"2405","#legend",1
"2406","#legit",1
"2407","#lemaquillagedigio‚Ä¶",1
"2408","#lemonpoundcake",1
"2409","#LeonardoDavinci's",1
"2410","#lessonlearned",1
"2411","#letmebeonyourmarketingteam",1
"2412","#LetsGo",1
"2413","#LGBT",1
"2414","#lifeintoronto‚Ä¶",1
"2415","#lifeisbeautiful",1
"2416","#lifeisgood",1
"2417","#lifestylemanager",1
"2418","#lightlikemysoul",1
"2419","#like",1
"2420","#likeforlike",1
"2421","#likeforlikeüëç",1
"2422","#likeme",1
"2423","#likeoldtimes",1
"2424","#line",1
"2425","#LiquidDinner",1
"2426","#lit",1
"2427","#LITechNews:",1
"2428","#livvypants‚Ä¶",1
"2429","#LMAO",1
"2430","#LNYHBT",1
"2431","#Logo#business",1
"2432","#lol‚Ä¶",1
"2433","#LoL",1
"2434","#london",1
"2435","#longlivehowieschultz",1
"2436","#lookbook",1
"2437","#LordHelpMe",1
"2438","#LOTR",1
"2439","#louisvuitton",1
"2440","#LouisvVuitton",1
"2441","#loveüòçüòçüòç",1
"2442","#LOVE",1
"2443","#lovecoffee",1
"2444","#LoveIT‚Ä¶",1
"2445","#lovemynephew",1
"2446","#Lovers",1
"2447","#lrt",1
"2448","#LSUCafe!",1
"2449","#luautheme",1
"2450","#luckyme",1
"2451","#Lunes",1
"2452","#lush",1
"2453","#lushusa",1
"2454","#lv",1
"2455","#lyric",1
"2456","#MabuhaySquad",1
"2457","#Macarons",1
"2458","#MacLabBakery",1
"2459","#MadeJustForMe",1
"2460","#MadeUnicornsGreatAgain",1
"2461","#Madrid",1
"2462","#magicbeans#hairskinnails",1
"2463","#magickingdom",1
"2464","#MakeACelebNerdy",1
"2465","#MakeHimDrumpf_again",1
"2466","#MakeItStop",1
"2467","#management",1
"2468","#mango‚Ä¶",1
"2469","#Mango",1
"2470","#MANGO",1
"2471","#Mangoneada",1
"2472","#mangopassionteafrappuccino",1
"2473","#MangoyFrutadelaPasi√≥n",1
"2474","#marketingtips",1
"2475","#marketnews",1
"2476","#marshmallow",1
"2477","#marshmallows",1
"2478","#mascot‚Ä¶",1
"2479","#MasPuto",1
"2480","#Matcha:",1
"2481","#MatchaGreenTea,",1
"2482","#matchalatte",1
"2483","#may",1
"2484","#may2017",1
"2485","#maypaSBsiMayor",1
"2486","#MayThe4thBeWithU",1
"2487","#MayTheFourthBeWithYou",1
"2488","#McDonalds",1
"2489","#McFreeze",1
"2490","#mcgnews",1
"2491","#MCM",1
"2492","#McMaster",1
"2493","#mdr",1
"2494","#meccanicheveloci",1
"2495","#MeetMEatStarbucks",1
"2496","#MELTDOWN",1
"2497","#melyataste",1
"2498","#memorialday",1
"2499","#MemorialDayWeekend",1
"2500","#MemorialDayWeekend‚Ä¶",1
"2501","#Memphis!",1
"2502","#men",1
"2503","#MerlionFrap?",1
"2504","#Mermaid,",1
"2505","#mermaidfrappuccino",1
"2506","#MermaidFrappuccino",1
"2507","#messyhair‚Ä¶",1
"2508","#metal‚Ä¶",1
"2509","#meth",1
"2510","#Mexican",1
"2511","#midnightmint",1
"2512","#midnight#mint",1
"2513","#midnightmintchocolatefrapp‚Ä¶",1
"2514","#midnightmintmocha.",1
"2515","#midnightmintmochafrapp‚Ä¶",1
"2516","#midnightmintmochafrappuccino!!",1
"2517","#midnightmintmochafrappuccino.",1
"2518","#midnightmocha‚Ä¶",1
"2519","#midnightmochafrappuccino",1
"2520","#midnightrmintmocha",1
"2521","#Milk",1
"2522","#milkshake",1
"2523","#millenial",1
"2524","#millennial",1
"2525","#millennialeaters",1
"2526","#MindnightMintMocha",1
"2527","#mint‚Ä¶",1
"2528","#mintchocolatechip",1
"2529","#mintcocoa",1
"2530","#mintmocha",1
"2531","#mintty",1
"2532","#minty",1
"2533","#Miskiri",1
"2534","#misnightmintmocha",1
"2535","#missedopportunities",1
"2536","#missedopportunity",1
"2537","#missionpic2017‚Ä¶",1
"2538","#missionpic365",1
"2539","#mkt:Starbucks",1
"2540","#MKTW",1
"2541","#MLPFiM",1
"2542","#Mmm!!‚Ä¶",1
"2543","#Mobile",1
"2544","#mocha‚Ä¶",1
"2545","#Mocha...",1
"2546","#Mocha‚Ä¶",1
"2547","#mochafrappe",1
"2548","#MochaFrappe",1
"2549","#mochafrappuccino‚Ä¶",1
"2550","#MochaFrappuccino,",1
"2551","#MochaSyrup",1
"2552","#mocka",1
"2553","#Moments:",1
"2554","#MomMomMomLife",1
"2555","#MomQuotes",1
"2556","#Mon‚Ä¶",1
"2557","#Monalisa",1
"2558","#MondayMorning",1
"2559","#mondays",1
"2560","#moning",1
"2561","#MonksCross",1
"2562","#monnickendam",1
"2563","#mood",1
"2564","#MoraAzulFrap",1
"2565","#moreinmystore",1
"2566","#morning",1
"2567","#morningcrack",1
"2568","#morningsnack",1
"2569","#mostmagical",1
"2570","#motherdaygift",1
"2571","#mothersday",1
"2572","#MOTHERSDAY",1
"2573","#MOTHERSDAYFRAPPUCCINO",1
"2574","#Motivation",1
"2575","#movie",1
"2576","#msbuild",1
"2577","#MTVEXPOPCD9‚Ä¶",1
"2578","#mua",1
"2579","#muffin",1
"2580","#Mug",1
"2581","#muggles",1
"2582","#mumma's",1
"2583","#MunchSquad",1
"2584","#Mundo:",1
"2585","#Music#Liveme",1
"2586","#MusicMonday",1
"2587","#MyColectiva",1
"2588","#myfav",1
"2589","#myfavoritecoffeeblend",1
"2590","#myfoodgoodmoments",1
"2591","#myfourley",1
"2592","#MyKindOfHappyHour",1
"2593","#mylife‚Ä¶",1
"2594","#MyO‚Ä¶",1
"2595","#myoneweakness",1
"2596","#MyORE‚Ä¶",1
"2597","#MyOreaCreation",1
"2598","#myOreocreation",1
"2599","#MyOREOCreation‚Ä¶",1
"2600","#MYOREOCREATION",1
"2601","#MyOREOcreations",1
"2602","#MyStarshipName",1
"2603","#mythical",1
"2604","#MythicalCreatures",1
"2605","#Mythicalicious",1
"2606","#myweakness",1
"2607","#n‚Ä¶",1
"2608","#NacoEsChido",1
"2609","#nails",1
"2610","#NailsByEstela",1
"2611","#namesoncups",1
"2612","#NanayAndTatay",1
"2613","#napcap",1
"2614","#narwhalfrappuccino",1
"2615","#NarwhalFrappuccino!",1
"2616","#NationalCaramelDay",1
"2617","#naughty",1
"2618","#nbt",1
"2619","#needhelp",1
"2620","#needmorenow",1
"2621","#nephews",1
"2622","#netflix",1
"2623","#networkmarketing",1
"2624","#neveragain",1
"2625","#neverright",1
"2626","#NEW",1
"2627","#newaddiction",1
"2628","#newarrivals",1
"2629","#newday",1
"2630","#newdesign‚Ä¶",1
"2631","#newdrink",1
"2632","#newfavoritestarbucks",1
"2633","#newfla‚Ä¶‚Ä¶",1
"2634","#newje",1
"2635","#NewNintendo3DS‚Ä¶",1
"2636","#newproduct",1
"2637","#news‚Ä¶",1
"2638","#News.-",1
"2639","#NEWS",1
"2640","#NewsFlash",1
"2641","#NewslyTweet",1
"2642","#new#strawberry#cream#frappuccino‚Ä¶",1
"2643","#NewYork",1
"2644","#NewYorkCity",1
"2645","#NG9‚Ä¶",1
"2646","#NicheEscapes",1
"2647","#NickiBBMAs",1
"2648","#nikond750",1
"2649","#Nintendo",1
"2650","#No",1
"2651","#noagenda",1
"2652","#nocaloriesright‚Ä¶",1
"2653","#noco‚Ä¶",1
"2654","#nojokes",1
"2655","#NoMakeup",1
"2656","#√±om√±om",1
"2657","#NomNomNom",1
"2658","#NoMoney",1
"2659","#noregrets",1
"2660","#notblacklikeyours",1
"2661","#notd",1
"2662","#notfunny",1
"2663","#nothappyhour",1
"2664","#noticias",1
"2665","#Noticias",1
"2666","#nottheonion",1
"2667","#nowhere",1
"2668","#nowweneedsomesun",1
"2669","#NuevaBebida",1
"2670","#NuggsForCarter",1
"2671","#nutella",1
"2672","#nutrition",1
"2673","#Nutrition",1
"2674","#NyStatenIsland",1
"2675","#Oaks",1
"2676","#obsessed",1
"2677","#obsession",1
"2678","#ObvioEnTheShoppes!",1
"2679","#OCRA",1
"2680","#odd‚Ä¶",1
"2681","#off‚Ä¶",1
"2682","#Offer",1
"2683","#officecoffeerunner",1
"2684","#offroading",1
"2685","#ohmy",1
"2686","#ohyesidid",1
"2687","#oishii",1
"2688","#oitnb",1
"2689","#ok?",1
"2690","#√∂l√ºmc√ºldeneydejavu",1
"2691","#Onderneme‚Ä¶",1
"2692","#onduty",1
"2693","#OneGram",1
"2694","#ONLINESTORE...",1
"2695","#OnlyInVegas",1
"2696","#ono",1
"2697","#onsale",1
"2698","#ontrack",1
"2699","#ootd",1
"2700","#openerlife",1
"2701","#opera",1
"2702","#Opines",1
"2703","#opportunitymissed",1
"2704","#Oreo",1
"2705","#OreoDunkChallenge",1
"2706","#oreofrappe",1
"2707","#oreos.",1
"2708","#organicfood",1
"2709","#Osaka",1
"2710","#OTA",1
"2711","#ottawa",1
"2712","#Our",1
"2713","#ourfuturechildren‚Ä¶",1
"2714","#outandabout",1
"2715","#outlet",1
"2716","#outplacement",1
"2717","#overlander",1
"2718","#Pack",1
"2719","#PaginaNuova",1
"2720","#pancakes",1
"2721","#pandora",1
"2722","#Paparazzi",1
"2723","#Parabatai",1
"2724","#Parenting",1
"2725","#paris",1
"2726","#parody",1
"2727","#party‚Ä¶",1
"2728","#PaseoAcoxpa:",1
"2729","#patents",1
"2730","#patiotime",1
"2731","#peach",1
"2732","#peanutbutter",1
"2733","#peetscoffee",1
"2734","#pepup",1
"2735","#PerezHilton",1
"2736","#Perez_Hilton",1
"2737","#perfectdailygrind",1
"2738","#perfection",1
"2739","#PerfectSizefor1",1
"2740","#perhapswhyilikeit",1
"2741","#periodcramps",1
"2742","#perth",1
"2743","#pet",1
"2744","#pets",1
"2745","#PHASummit",1
"2746","#PHHHOTO",1
"2747","#philadelphia",1
"2748","#philadelphia‚Ä¶",1
"2749","#Philadelphia",1
"2750","#Philly",1
"2751","#PhillyBusiness",1
"2752","#photochallenge",1
"2753","#photography",1
"2754","#photoshop",1
"2755","#phx‚Ä¶",1
"2756","#picklesthefrog",1
"2757","#PickMeUp?",1
"2758","#picoftheday",1
"2759","#piedome",1
"2760","#piedrasnegras",1
"2761","#PigaSoga",1
"2762","#pikachu",1
"2763","#pikafrap",1
"2764","#pineapple",1
"2765","#pinguinos",1
"2766","#pink‚Ä¶",1
"2767","#Pink",1
"2768","#pinkcaffeine",1
"2769","#pinkn‚Ä¶‚Ä¶",1
"2770","#PinkPegasus,",1
"2771","#pinkstate43",1
"2772","#pinup",1
"2773","#pinupgirlstyle",1
"2774","#Pizza",1
"2775","#plagio",1
"2776","#plannergirl‚Ä¶",1
"2777","#Playmobil",1
"2778","#pleasures",1
"2779","#PMedia",1
"2780","#pocket)",1
"2781","#PoGOFrapp",1
"2782","#pokemon",1
"2783","#Pokemon",1
"2784","#Pok√©mon",1
"2785","#PokemonFace",1
"2786","#Pok√©monMoon",1
"2787","#poodles",1
"2788","#poodlesoftwitter",1
"2789","#poorunfortunatesoul",1
"2790","#popcorncaramel",1
"2791","#POPSUGARglow",1
"2792","#popzel",1
"2793","#Pop‚Äôzel",1
"2794","#PopzelCoffee",1
"2795","#popzelcoffeefrappuccino",1
"2796","#Porno",1
"2797","#PornoWine",1
"2798","#porsche",1
"2799","#PortraitMode",1
"2800","#positivevibes",1
"2801","#PositiveVibes",1
"2802","#postres",1
"2803","#power?",1
"2804","#powerbreak!",1
"2805","#prague",1
"2806","#PRAHA",1
"2807","#prayforbaristas2k17",1
"2808","#preexistingconditions",1
"2809","#PREMIOSMTVMIAW",1
"2810","#pretty",1
"2811","#PrettyLittleLiars",1
"2812","#pretzel",1
"2813","#priceless",1
"2814","#prifysgolbangor",1
"2815","#printout",1
"2816","#Probando",1
"2817","#producer",1
"2818","#product?",1
"2819","#productmanagement",1
"2820","#productmarketing",1
"2821","#ProgressionsSalon",1
"2822","#propornot",1
"2823","#protein",1
"2824","#protip:",1
"2825","#Publicity",1
"2826","#Puchi",1
"2827","#PuedesHacermeFelizCon",1
"2828","#PumpkinSpiceFrappuccino",1
"2829","#Pune",1
"2830","#puppuccino",1
"2831","#puravida",1
"2832","#pwede‚Ä¶",1
"2833","#py‚Ä¶",1
"2834","#Q100Liam",1
"2835","#quiero",1
"2836","#quitslife",1
"2837","#quiz",1
"2838","#quizmaster",1
"2839","#ragrets?",1
"2840","#rainbow",1
"2841","#rainbowlatte",1
"2842","#rainbows",1
"2843","#rainraingoaway...",1
"2844","#raiseawareness",1
"2845","#rant",1
"2846","#rapid",1
"2847","#RawVana",1
"2848","#ReachWest",1
"2849","#reaction‚Ä¶",1
"2850","#reactions",1
"2851","#read",1
"2852","#ready",1
"2853","#readyforsummer",1
"2854","#readytogo‚Ä¶",1
"2855","#readytorockit",1
"2856","#realestate‚Ä¶",1
"2857","#realestateisideal",1
"2858","#REALLYGOOD",1
"2859","#realmvp",1
"2860","#realpartnersknow",1
"2861","#realtweet",1
"2862","#reasoniworkout",1
"2863","#rebel",1
"2864","#receita",1
"2865","#receitasnarede",1
"2866","#receta",1
"2867","#Recetas",1
"2868","#rechtopverlof",1
"2869","#recipe!",1
"2870","#recipes‚Ä¶‚Ä¶",1
"2871","#recipes2",1
"2872","#Rediff",1
"2873","#redvelet",1
"2874","#redvelvet",1
"2875","#redvelvetcake",1
"2876","#redwoodcity",1
"2877","#registration.",1
"2878","#relatable",1
"2879","#relationshipgoals‚Ä¶",1
"2880","#relaxing",1
"2881","#remindertoself",1
"2882","#replytweet",1
"2883","#Repost...",1
"2884","#Resist",1
"2885","#restau‚Ä¶",1
"2886","#RetailTrends",1
"2887","#retweet",1
"2888","#retweetplease",1
"2889","#reviews",1
"2890","#rewards",1
"2891","#RFC",1
"2892","#R.F.C",1
"2893","#ridiculouslygood",1
"2894","#right",1
"2895","#RIPWilliamsburg",1
"2896","#riseandgrind",1
"2897","#RO‚Ä¶",1
"2898","#roastedmarshmallowsmores",1
"2899","#rose",1
"2900","#RoyalBerryDelight",1
"2901","#rp17",1
"2902","#rt",1
"2903","#rtplease",1
"2904","#RuinMetal",1
"2905","#Rumor",1
"2906","#ryan",1
"2907","#S...‚Ä¶",1
"2908","#S8",1
"2909","#Sab√≠asQue",1
"2910","#sacramento",1
"2911","#safariLIVE",1
"2912","#sakura",1
"2913","#SalamatPo!!!",1
"2914","#sale!",1
"2915","#saltedcaramel",1
"2916","#sambros",1
"2917","#sample",1
"2918","#SamplerSaturday",1
"2919","#sanantonio",1
"2920","#SanDiego‚Ä¶",1
"2921","#sandwich",1
"2922","#SAPPHIRENOW",1
"2923","#sarcasm",1
"2924","#Sassaparilla",1
"2925","#sassy",1
"2926","#Satire",1
"2927","#Saturday",1
"2928","#SaturdayMorning",1
"2929","#Saturn's",1
"2930","#savannah",1
"2931","#savannah‚Ä¶",1
"2932","#savetheunicor‚Ä¶",1
"2933","#savings‚Ä¶",1
"2934","#sb‚Ä¶",1
"2935","#SBlove",1
"2936","#SBMayCoupon",1
"2937","#sbuxbox",1
"2938","#sbuxline",1
"2939","#sbuxlyfe‚Ä¶",1
"2940","#sbuxsouthie",1
"2941","#sci",1
"2942","#Science",1
"2943","#scone",1
"2944","#score",1
"2945","#SeanSpicer",1
"2946","#season",1
"2947","#seattle",1
"2948","#secondtime",1
"2949","#secretmenustarbucks",1
"2950","#sefliesunday",1
"2951","#selfcare",1
"2952","#selfie.",1
"2953","#selfiefriday",1
"2954","#SelfieQueen",1
"2955","#seperatethough",1
"2956","#setlife‚Ä¶",1
"2957","#ShabbatPrep",1
"2958","#shadowshair",1
"2959","#Shenzhen",1
"2960","#shinjuku‚Ä¶",1
"2961","#shiralazar",1
"2962","#ShopHamburg",1
"2963","#shopping",1
"2964","#shoppingiguatemi",1
"2965","#shots",1
"2966","#ShowMeMore",1
"2967","#Showmeyourflavor",1
"2968","#SiganmeVenezolanosüáªüá™",1
"2969","#SignOfTheTimes",1
"2970","#signsoftheapocalypse",1
"2971","#singapore",1
"2972","#singapore‚Ä¶",1
"2973","#Sipface",1
"2974","#sipsip‚Ä¶",1
"2975","#sipsipgo",1
"2976","#sisters",1
"2977","#size",1
"2978","#skimic",1
"2979","#SkimmLife",1
"2980","#skincare",1
"2981","#skittles",1
"2982","#skybox,",1
"2983","#sl10k‚Ä¶",1
"2984","#Slickdeals",1
"2985","#SlickDeals",1
"2986","#slowaf",1
"2987","#slowhands",1
"2988","#slurp",1
"2989","#slut",1
"2990","#s'm‚Ä¶",1
"2991","#SmallBusiness",1
"2992","#smalltownproblems",1
"2993","#smallvictories",1
"2994","#SmallWins",1
"2995","#SmartNews",1
"2996","#smclark",1
"2997","#SMM",1
"2998","#smoothie",1
"2999","#smoothies,",1
"3000","#smoothies,#frappes,#granizados,#batidos",1
"3001","#Smore",1
"3002","#smores.",1
"3003","#Smores)",1
"3004","#SMores",1
"3005","#Smoresbar!",1
"3006","#SmoresBar",1
"3007","#SmoresEverything",1
"3008","#SmoresFrapp",1
"3009","#SmoresFrapp‚Ä¶",1
"3010","#smoresfrappuccino‚Ä¶",1
"3011","#SmoresFrappuccino‚Ä¶",1
"3012","#smoresisback",1
"3013","#smoresisback!",1
"3014","#smoresventi‚Ä¶",1
"3015","#sn",1
"3016","#Snob",1
"3017","#Snopes",1
"3018","#SNOPES",1
"3019","#snores",1
"3020","#snow",1
"3021","#so‚Ä¶",1
"3022","#SoBomb",1
"3023","#SocialBoom17!",1
"3024","#SocialMe",1
"3025","#socialmedia‚Ä¶",1
"3026","#SoFarSoCheap",1
"3027","#softwa",1
"3028","#software",1
"3029","#SOgood",1
"3030","#sohotinhere",1
"3031","#sohotrightnow",1
"3032","#solar",1
"3033","#solb",1
"3034","#solinetz",1
"3035","#Somadforwhat",1
"3036","#somuchsurgar",1
"3037","#sonervous",1
"3038","#song",1
"3039","#SonicTheHedgehog",1
"3040","#sonyxperia",1
"3041","#sonyxperiam5",1
"3042","#Sopot",1
"3043","#S√≥qdoForEmSampa",1
"3044","#sora",1
"3045","#sorry",1
"3046","#sorvete‚Ä¶",1
"3047","#SoundsFishy",1
"3048","#Southampton?",1
"3049","#SouthJersey‚Ä¶",1
"3050","#soy",1
"3051","#soymilk",1
"3052","#soymilk‚Ä¶",1
"3053","#Spartans,",1
"3054","#specialday",1
"3055","#specialfrappuccino",1
"3056","#spicychickensandwich",1
"3057","#spiritanimal",1
"3058","#sponset",1
"3059","#sponsored",1
"3060","#springnails",1
"3061","#Sriracha",1
"3062","#st‚Ä¶‚Ä¶",1
"3063","#staged",1
"3064","#star",1
"3065","#starbslife",1
"3066","#starbuc‚Ä¶",1
"3067","#Starbuck",1
"3068","#starbuckjapan",1
"3069","#starbucks.",1
"3070","#starbucks...",1
"3071","#starbucks....",1
"3072","#starbucks.‚Ä¶",1
"3073","##Starbucks#",1
"3074","#Starbucks:",1
"3075","#Starbucks!!‚Ä¶",1
"3076","#Starbucks‚ù§Ô∏è",1
"3077","#starbucksa",1
"3078","#starbucksaddict",1
"3079","#starbucksbarista",1
"3080","#starbuckscafe",1
"3081","#starbuckscanada",1
"3082","#StarbucksCanada",1
"3083","#starbuckschan",1
"3084","#StarbucksChina",1
"3085","#starbuckscoffee#arianagrande#frappuccino#happy#hour#venti",1
"3086","#starbuckscolombia",1
"3087","#StarbucksCrossroads",1
"3088","#StarbucksDate‚Ä¶",1
"3089","#starbucksEmea",1
"3090","#StarbucksForHamez",1
"3091","#starbucksfrappucci‚Ä¶‚Ä¶",1
"3092","#starbucksgrandewednesdays",1
"3093","#StarbucksGrandeWednesdays!",1
"3094","#starbuckshapp‚Ä¶",1
"3095","#starbuckshappyhour‚Ä¶",1
"3096","#Starbucks_Happy_Hour",1
"3097","#starbucks#HAPPYHOUR#FRAPPUCCINO#ÂçäÈ°ç„Å†„Å£„Å¶üëè",1
"3098","#starbucksindia",1
"3099","#starbucksindonesia",1
"3100","#StarbucksIsBeingSuedOverTheUnicornFrappuccino",1
"3101","#starbucksiseverything",1
"3102","#starbucksislive",1
"3103","#Starbucksjp",1
"3104","#starbuckslife",1
"3105","#starbuckslovers",1
"3106","#StarbucksMalaysia",1
"3107","#StarbucksMoment",1
"3108","#starbucksmood",1
"3109","#Starbucksofficial...",1
"3110","#Starbucksofficial‚Ä¶",1
"3111","#StarbucksPartner",1
"3112","#starbuckspartners‚Ä¶",1
"3113","#starbucksperu",1
"3114","#starbucksPh",1
"3115","#starbuckspretoria",1
"3116","#Starbucksrecipe",1
"3117","#StarbucksSamples",1
"3118","#starbuckstruck‚Ä¶",1
"3119","#Starbucksunicorn",1
"3120","#starbucksunicornfrappuccino",1
"3121","#starbucks#unicorn#frappuccino#delicious#rainbow#loveit",1
"3122","#starbucksusa",1
"3123","#StarbucksVemParaBsb",1
"3124","#StarbucksWithTiara",1
"3125","#Starbucks#yum#Barnesandnoble.",1
"3126","#starbucks#„Çπ„Çø„ÉêÊñ∞‰Ωú",1
"3127","#starbuks",1
"3128","#starbummed",1
"3129","#StarkBucks",1
"3130","#Starnucks",1
"3131","#Start",1
"3132","#startbucks",1
"3133","#starts-today",1
"3134","#startswithf",1
"3135","#startup‚Ä¶",1
"3136","#starwars",1
"3137","#StarWarsDay",1
"3138","#StarWarsDay2017",1
"3139","#statenisland",1
"3140","#StateYourPhobias",1
"3141","#StaturatedFats",1
"3142","#Staurbucks",1
"3143","#StayCoolGirl",1
"3144","#staytuned",1
"3145","#Steemit:",1
"3146","#sterbucks",1
"3147","#Stick",1
"3148","#stickers",1
"3149","#stillconfused",1
"3150","#StillPreferJavaChip",1
"3151","#Stocks",1
"3152","#stop",1
"3153","#StopAlready",1
"3154","#storegoals",1
"3155","#storoberry",1
"3156","#storovery",1
"3157","#strarbucks",1
"3158","#strartup",1
"3159","#Straw",1
"3160","#strawberr",1
"3161","#Strawberries&amp;Cream",1
"3162","#strawberries&amp;creamfrappuccino",1
"3163","#strawberriesandcream",1
"3164","#strawberriesandcreamfrappuccino",1
"3165","#strawberriesandcreme",1
"3166","#strawberrybliss",1
"3167","#strawberryc‚Ä¶‚Ä¶",1
"3168","#strawberrycoconutblissfrappuccino",1
"3169","#strawberry#cream#frappuccino#„Çπ„Çø„Éê#„ÅÑ„Å°„Åî#„Ç´„Çπ„Çø„É†",1
"3170","#StrawberryCreamFrappuccino",1
"3171","#strawberry#cream#frappuccino#5#17#wednesday",1
"3172","#strawberrycreamfrappucino",1
"3173","#strawberry#frappuccino",1
"3174","#strawberry#frappuccino#starbucks#new#drink#yami#üçì#0517#likeme#l4l#like4li‚Ä¶",1
"3175","#stressed",1
"3176","#stressreliever",1
"3177","#strowberry‚Ä¶",1
"3178","#strowberryandcream",1
"3179","#strowberrycreamfrappuccino",1
"3180","#strowberryüçì#frappuccino",1
"3181","#sturbacks",1
"3182","#style",1
"3183","#Suavecita‚Ä¶",1
"3184","#SUCKERS",1
"3185","#sued",1
"3186","#sue√±odeluna",1
"3187","#sues",1
"3188","#Sues",1
"3189","#sugarload",1
"3190","#Summer",1
"3191","#summer2017",1
"3192","#SummerDrinkDays",1
"3193","#summerdrinks",1
"3194","#summeriscoming",1
"3195","#summerishere",1
"3196","#summerlove",1
"3197","#summertreat",1
"3198","#Sunday",1
"3199","#sundaynight",1
"3200","#sundaywalk",1
"3201","#sunnysunday",1
"3202","#sunset",1
"3203","#sunshine",1
"3204","#sunshineday",1
"3205","#supported",1
"3206","#surprise",1
"3207","#sustanance",1
"3208","#sweepstakes",1
"3209","#sweet‚Ä¶",1
"3210","#sweetdeal",1
"3211","#sweetfoodie",1
"3212","#sweetharmonycupcakes",1
"3213","#sweets",1
"3214","#sweets‚Ä¶",1
"3215","#SweetSpot",1
"3216","#sweetsunday",1
"3217","#sweettreat",1
"3218","#sweetunderneath‚Ä¶",1
"3219","#swim",1
"3220","#swimsuit",1
"3221","#swirl",1
"3222","#SXSW",1
"3223","#T0219",1
"3224","#t2377",1
"3225","#T2T",1
"3226","#tacerto",1
"3227","#taking‚Ä¶",1
"3228","#TakingAWalkOnTheWildSide",1
"3229","#takingthecredit",1
"3230","#talkingcars",1
"3231","#tall",1
"3232","#TammyTalks",1
"3233","#TammyTalks2",1
"3234","#tan",1
"3235","#tanning‚Ä¶",1
"3236","#TarotDate",1
"3237","#tasteadventures",1
"3238","#TastesAwesome",1
"3239","#tastetest",1
"3240","#tastetherainbow",1
"3241","#TasteTheRainbow",1
"3242","#tasty‚Ä¶",1
"3243","#tastyfix",1
"3244","#tattoo",1
"3245","#TaxReceipts‚Ä¶",1
"3246","#Taylorgruber",1
"3247","#tb",1
"3248","#TBBRedemption",1
"3249","#TBBRedemptionüå∫üö´",1
"3250","#TCOT",1
"3251","#Te‚Ä¶",1
"3252","#tea,",1
"3253","#teacherlife‚Ä¶",1
"3254","#teacleam",1
"3255","#teacup",1
"3256","#TeaFreakTuesday",1
"3257","#TeaMatcha",1
"3258","#teamcanelo",1
"3259","#TeamChubChubs",1
"3260","#TeamFollowBack",1
"3261","#teamsquare",1
"3262","#teamswan",1
"3263","#tech‚Ä¶",1
"3264","#Technology",1
"3265","#tecnolog√≠a",1
"3266","#teens",1
"3267","#TENDENCIAS:Frappuccino",1
"3268","#tes",1
"3269","#TFIF",1
"3270","#TFM",1
"3271","#TGIF!",1
"3272","#Th‚Ä¶",1
"3273","#thanks",1
"3274","#Thanksgiving",1
"3275","#thankyoujesus",1
"3276","#thankyourbarista",1
"3277","#ThatMomentWhen",1
"3278","#ThatsAMouthful",1
"3279","#ThatsBae",1
"3280","#thatshitdeep",1
"3281","#thatsright",1
"3282","#th√©",1
"3283","#the1ndonlytegan",1
"3284","#TheBachlorette",1
"3285","#thebellevue",1
"3286","#TheBullhorn",1
"3287","#theburrs‚Ä¶",1
"3288","#theend",1
"3289","#TheEnd",1
"3290","#TheLateShow",1
"3291","#TheList",1
"3292","#theminiestmini",1
"3293","#TheMostBasicTweet",1
"3294","#thenailhub",1
"3295","#theoneandonlytegan‚Ä¶",1
"3296","#TheRealMVPs",1
"3297","#theverge",1
"3298","#theyzigizag",1
"3299","#thightattoo",1
"3300","#thinmints",1
"3301","#ThirstyThursday",1
"3302","#this",1
"3303","#ThisAM",1
"3304","#ThisIsHowYouHarb‚Ä¶",1
"3305","#ThisIsHowYouHarbor",1
"3306","#thristquencher‚Ä¶",1
"3307","#Thursday",1
"3308","#ThursdayThoughts",1
"3309","#Ticino",1
"3310","#till6pm",1
"3311","#time",1
"3312","#TimeFlies",1
"3313","#Tips2Trade",1
"3314","#TipsyBartender:",1
"3315","#TipTuesday‚Ä¶",1
"3316","#TipYourBaristas",1
"3317","#TiramisuFrappuccino",1
"3318","#tired",1
"3319","#TLOT",1
"3320","#To‚Ä¶",1
"3321","#ToBeAPartner",1
"3322","#tobeapartnerA138",1
"3323","#Today",1
"3324","#TodaysTake",1
"3325","#ToffeeNut‚Ä¶",1
"3326","#Tokyo.",1
"3327","#TOKYO",1
"3328","#TOMORROW!",1
"3329","#TooHotForCleverCaptions.",1
"3330","#toomanycalories",1
"3331","#toomuchsugar",1
"3332","#toronto‚Ä¶",1
"3333","#Toronto",1
"3334","#tossup",1
"3335","#trademaklaw",1
"3336","#trademarkinfringement",1
"3337","#trademarks)",1
"3338","#tradici√≥n...",1
"3339","#Travel",1
"3340","#traveleatpinas",1
"3341","#traveltheworld‚Ä¶",1
"3342","#TrEaPh",1
"3343","#treat‚Ä¶",1
"3344","#treats",1
"3345","#treatyoself‚Ä¶",1
"3346","#TreatYoself",1
"3347","#trend",1
"3348","#trending",1
"3349","#Trending",1
"3350","#trends",1
"3351","#Trends",1
"3352","#trendy",1
"3353","#Tribeca",1
"3354","#Tribeca!",1
"3355","#trick",1
"3356","#trivial",1
"3357","#trondheim‚Ä¶",1
"3358","#troubleinparadise",1
"3359","#true",1
"3360","#TrueJavaLover",1
"3361","#truestory‚Ä¶",1
"3362","#Trumpleaks",1
"3363","#trumprussia",1
"3364","#trumpstrash",1
"3365","#trumpsucks",1
"3366","#tryingsomethingelse",1
"3367","#tuesdaymotivation",1
"3368","#TuesdayThoughts",1
"3369","#tumeric‚Ä¶",1
"3370","#tunisia",1
"3371","#TwilightSparkle‚Ä¶",1
"3372","#twinturbo",1
"3373","#TwistedSenseOfHumor",1
"3374","#tybg",1
"3375","#UAE",1
"3376","#uejini",1
"3377","#ugh",1
"3378","#UHV",1
"3379","#ukhm",1
"3380","#umedictionary",1
"3381","#umn",1
"3382","#UMNDining",1
"3383","#Uncategorized",1
"3384","#unic‚Ä¶",1
"3385","#unicorn.",1
"3386","#Unicorn,",1
"3387","#Unicorn!",1
"3388","#UNICORN",1
"3389","#unicornaccino",1
"3390","#unicorncupcakes‚Ä¶",1
"3391","#unicornfight",1
"3392","#unicornfrappe?",1
"3393","#unicornfrappucci‚Ä¶",1
"3394","#UnicornFrappuccino?",1
"3395","#UnicornFrappuccino‚Äô",1
"3396","#Unicornio",1
"3397","#unicornlatte",1
"3398","#UnicornMacaron!",1
"3399","#unicornnailart",1
"3400","#unicorno",1
"3401","#Unicorno",1
"3402","#unicorns",1
"3403","#unicorns,",1
"3404","#unicorns‚Ä¶",1
"3405","#UnicornsForLarry",1
"3406","#UnicornTears",1
"3407","#unicornvibes",1
"3408","#UniteBlue",1
"3409","#Unlockyourinsights",1
"3410","#up‚Ä¶",1
"3411","#up3sn",1
"3412","#UPMCArgentum",1
"3413","#upset",1
"3414","#upskir‚Ä¶",1
"3415","#urbanlistbne‚Ä¶",1
"3416","#urbanlistperth",1
"3417","#Ursula",1
"3418","#usaswim",1
"3419","#UWaterloo",1
"3420","#uwclc",1
"3421","#va",1
"3422","#vacation‚Ä¶",1
"3423","#vainilla",1
"3424","#vancity",1
"3425","#vancouver",1
"3426","#Vancouver‚Ä¶",1
"3427","#vaniliabean",1
"3428","#vanillabean‚Ä¶",1
"3429","#VanillaBean",1
"3430","#VanillaCreme",1
"3431","#vanille",1
"3432","#vapeshop",1
"3433","#veeltewarmomtewerken",1
"3434","#VEGAN",1
"3435","#vegandrink",1
"3436","#veganized).",1
"3437","#veganlife‚Ä¶",1
"3438","#vegansofig",1
"3439","#veganstarbucks",1
"3440","#Vegas",1
"3441","#venti‚Ä¶",1
"3442","#venty",1
"3443","#VergeTech",1
"3444","#verysweet",1
"3445","#verysweet‚Ä¶",1
"3446","#Vets",1
"3447","#vice",1
"3448","#VideoIndexer.",1
"3449","#videos",1
"3450","#ViernesDeGanarSeguidores",1
"3451","#vile",1
"3452","#village",1
"3453","#vintageapron",1
"3454","#Viral",1
"3455","#ViralVideo",1
"3456","#virginiabeach",1
"3457","#Visa",1
"3458","#visit",1
"3459","#visualjournal‚Ä¶",1
"3460","#Vlogs",1
"3461","#VMVideos",1
"3462","#Vocal",1
"3463","#voldemort",1
"3464","#voteyourossoff",1
"3465","#vrai777",1
"3466","#vsco‚Ä¶",1
"3467","#vscoüì∑",1
"3468","#VSCO",1
"3469","#vscocamgram",1
"3470","#vscogood",1
"3471","#vscolove‚Ä¶",1
"3472","#Waffle",1
"3473","#wafflefries",1
"3474","#WahlSH",1
"3475","#Waiting‚Ä¶",1
"3476","#warm",1
"3477","#WasagaBeach",1
"3478","#wasfehlt",1
"3479","#washingtondc",1
"3480","#wattpad",1
"3481","#Wattpad",1
"3482","#WayBetterThanTheUnicorn",1
"3483","#wcw",1
"3484","#wdw",1
"3485","#wearehappy",1
"3486","#webcomic",1
"3487","#webcomics",1
"3488","#website",1
"3489","#wednesday",1
"3490","#weightloss",1
"3491","#wellbeingmessenger",1
"3492","#werk",1
"3493","#westbankbc‚Ä¶",1
"3494","#whaaaat!",1
"3495","#whatshappeningtome",1
"3496","#WhatsRefreshingIs",1
"3497","#whatstheringsize‚Ä¶",1
"3498","#whatswrongwiththispicture",1
"3499","#WhenIWakeUpICrave",1
"3500","#WhereIsTheLove",1
"3501","#WhereUAt",1
"3502","#whipcream",1
"3503","#whipcream‚Ä¶",1
"3504","#whipped",1
"3505","#whippedcream‚Ä¶",1
"3506","#whistler",1
"3507","#white",1
"3508","#whitechocolate",1
"3509","#WhiteChocolate",1
"3510","#whitemocha",1
"3511","#WhiteMocha",1
"3512","#whiteprivilege",1
"3513","#whoknew",1
"3514","#wholefoods‚Ä¶",1
"3515","#whoops",1
"3516","#whowouldsaynotothat",1
"3517","#whycourtsmatter",1
"3518","#wildthing",1
"3519","#wine""",1
"3520","#wine‚Ä¶",1
"3521","#Wine",1
"3522","#WinePorno",1
"3523","#winner",1
"3524","#Winning",1
"3525","#withwhippedcream...",1
"3526","#wnn2)",1
"3527","#Wo‚Ä¶",1
"3528","#WOKE",1
"3529","#womanandweed",1
"3530","#women‚Ä¶",1
"3531","#womenandcoffee",1
"3532","#wootWoot",1
"3533","#work",1
"3534","#workappropriate.",1
"3535","#workbreak",1
"3536","#workflow",1
"3537","#workflow‚Ä¶",1
"3538","#workingwoman",1
"3539","#worksoff",1
"3540","#WOW",1
"3541","#wowfoodguru",1
"3542","#writing",1
"3543","#wrong",1
"3544","#wtf?!",1
"3545","#wut",1
"3546","#WWW3",1
"3547","#xcarmelo",1
"3548","#Yaaaas",1
"3549","#yaaas",1
"3550","#yammy!!",1
"3551","#yassskween",1
"3552","#y_day",1
"3553","#Yelp:",1
"3554","#YES",1
"3555","#YES!!",1
"3556","#YesIReallyDidLikeThem",1
"3557","#yesplease",1
"3558","#Yesplease!",1
"3559","#yey",1
"3560","#YIAY",1
"3561","#YIAYfact",1
"3562","#YIAYUnicorn",1
"3563","#ym",1
"3564","#ymm",1
"3565","#Y_Not_Festival",1
"3566","#YOLO",1
"3567","#York",1
"3568","#yorktownheights‚Ä¶",1
"3569","#yota",1
"3570","#YouDaBest",1
"3571","#yourbreak...",1
"3572","#YoureTheBest",1
"3573","#yourewelcome",1
"3574","#YouTubeTrends",1
"3575","#ytffquiz",1
"3576","#yuina",1
"3577","#yukki",1
"3578","#yum‚Ä¶",1
"3579","#Yummie‚Ä¶",1
"3580","#yummm!",1
"3581","#Yummy!!",1
"3582","#Yummylicious",1
"3583","#yummysweets‚Ä¶",1
"3584","#yumyum",1
"3585","#yvr",1
"3586","#yyc",1
"3587","#yycliving",1
"3588","#zen",1
"3589","#zon",1
"3590","#Zoolander",1
"3591","#zov911",1
"3592","#–∏–Ω—Ç–µ–ª–ª–µ–∫—Ç—É–∞–ª—å–Ω–∞—è—Å–æ–±—Å—Ç–≤–µ–Ω‚Ä¶",1
"3593","#–∏–Ω—Ç–µ–ª–ª–µ–∫—Ç—É–∞–ª—å–Ω–∞—è—Å–æ–±—Å—Ç–≤–µ–Ω–Ω–æ—Å—Ç—å",1
"3594","#‰πÖ„Åó„Å∂„Çä„ÅÆ„Éí„ÉÉ„Éà",1
"3595","#‰ªäÂπ¥„ÇÇ„Åì„ÅÆÂ≠£ÁØÄ„Åå„ÇÑ„Å£„Å¶„Åç„Åü",1
"3596","#„É©„ÉÜ„Ç¢„Éº„Éà‚ô°„Å†„Å£„Åü„Çâ„Åó„ÅÑ‰ª∂",1
"3597","#‰ºëÊÜ©#Êú¨#Ë™≠Êõ∏#‚òï#starbucks#vanilla#frappuccino#cream#chocolate#instafood#with#friend‚Ä¶",1
"3598","#‰æØ„Çº„Éü",1
"3599","#„Éó„É™„É≥„ÉàÂÄ∂Ê•ΩÈÉ®",1
"3600","#ÂéüÂÆø",1
"3601","#„Çπ„Çø„Éº„Éê„ÉÉ„ÇØ„Çπ#„Çπ„Éà„É≠„Éô„É™„Éº„ÇØ„É™„Éº„É†„Éï„É©„Éö„ÉÅ„Éº„Éé#„ÅÇ„Å∞„Çå„ÇãÂêõ#ÊÄñ„Åè„Å™„ÅÑ„Å®Ë®Ä„Å£„Åü„ÇâÂòò„Å´„Å™„Çä„Åæ„Åô#starbucks#strawberry#cream#frappuccino#coffee‚Ä¶",1
"3602","#Â§ßÁâüÁî∞",1
"3603","#Â•≥Â≠êÂäõÈ´ò„ÇÅ",1
"3604","#„Éä„ÉüÂ≠ê",1
"3605","#ÂØ∂Ë≤ù",1
"3606","#ÊâìÂ∑•‰ªîÂèàË¶ÅÁ≠âÂà∞ÈÄ±Êú´ÂÖàÂèØ‰ª•Ë≤∑Âπ≥StarbucksÂñá",1
"3607","#ÊäπËå∂",1
"3608","#ÊäπËå∂„ÇØ„É™„Éº„É†„Éï„É©„Éö„ÉÅ„Éº„Éé",1
"3609","#ÊäπËå∂Ê°ÉÊ°ÉÊòüÂÜ∞‰πê",1
"3610","#„Çπ„Çø„Éê„ÅÆÊñ∞‰Ωú",1
"3611","#„Çπ„Çø„Éê„ÅÆÊñ∞ÂïÜÂìÅ",1
"3612","#Êñ∞ÂïÜÂìÅ„É¨„Éù",1
"3613","#Êñ∞Ë£ΩÂìÅ",1
"3614","#ÊòüÂÜ∞Á≤Ω",1
"3615","#ÊôÇÈñì„ÇíÊΩ∞„Åô„ÅÆÈÅ∏ÊäûËÇ¢„Åå„ÉØ„É≥„Éë„Çø„Éº„É≥",1
"3616","#Ê¢ÖËæûÊõ∏",1
"3617","#ÊøÉÁ∏ÆÊòüÂÜ∞Ê®Ç",1
"3618","#„Ç´„Çπ„Çø„É†ÁÑ°„Åó„Åß„ÇÇÁæéÂë≥„Åó„ÅÑ",1
"3619","#Á±≥„Çπ„Çø„Éê",1
"3620","#Ëã´Â∞èÁâß",1
"3621","#È£≤„Åø„Å•„Çâ„ÅÑ",1
"3622","#„Åë„Å©È´ò„ÅÑ",1
