"","retweeted_status.user.screen_name","n"
"1",NA,25020
"2","frappuccino",10999
"3","imtaiki",4038
"4","Starbucks",3743
"5","ViralFreQ",3020
"6","StarbucksMY",1938
"7","entabejp",1555
"8","Home_Halfway",1287
"9","killmefam",731
"10","margariet_dh",675
"11","itspalmm",640
"12","wongnai",524
"13","ItsFoodPorn",488
"14","StarbucksCanada",401
"15","okidkaccutally",358
"16","LaSexyTuitera",345
"17","StarbucksMex",330
"18","Herepaolicious",261
"19","DuckFanAccount",212
"20","samascqua",207
"21","__patra",195
"22","andrewschulz",173
"23","CBSNews",172
"24","daniel_avin",161
"25","TheLifeDiaries",151
"26","RonnieRadke",147
"27","lalobrito",141
"28","IamNaZza",137
"29","enews",117
"30","CardenasMaLWOS",113
"31","Newsweek",112
"32","babaBC",111
"33","hodgetwins",111
"34","wheresale",107
"35","Abbey_Bender",103
"36","ssnowssn",83
"37","ComedyWorIdStar",67
"38","VICE",65
"39","TODAYshow",63
"40","charlesmilander",62
"41","elmundo_curioso",61
"42","Frappuccino2nd",61
"43","boombayaas",59
"44","BNBuzz",56
"45","imari_stuart",54
"46","shouldercamera",50
"47","lanareddy",48
"48","SexyPinkGlitter",48
"49","johnnyorlando",47
"50","RoastMeDaily",46
"51","Trap_Jesus",44
"52","aixnr",41
"53","voguemagazine",41
"54","PRDaily",38
"55","verge",37
"56","",36
"57","GMA",36
"58","StarbucksBrasil",35
"59","SpencerKlautky",34
"60","TMZ",34
"61","dacostacristina",33
"62","KenndalIxJenner",32
"63","KylieJennerxNYC",32
"64","ChanningxTattum",31
"65","KenndaIlxJenner",31
"66","KhloeKardashxan",31
"67","KIMxKARDASHlAN",31
"68","LiIxWayne",31
"69","RIHANNAxBlTCH",31
"70","RihannaxNYC",31
"71","SelenaxGommez",31
"72","seventeen",31
"73","ArianaxGrannde",30
"74","BrunoxMarsNYC",30
"75","CamiIaxCabelIo",30
"76","fullress",30
"77","JCoIexNC",30
"78","madlymadden",30
"79","MILAxKUNlS",30
"80","NICKI_MINNAJ",30
"81","turnthepge",30
"82","UberFacts",29
"83","Cosmopolitan",27
"84","commelui",26
"85","daniiiiteeee",26
"86","FrutillaPicante",25
"87","JackPosobiec",25
"88","NEVERMIND_XXO",25
"89","veronicamerrell",25
"90","anngyPimberry",23
"91","TIME",23
"92","BJ_Watson12",22
"93","Gothamcityesq",22
"94","LucasCruikshank",22
"95","TNJoseph917",22
"96","tpazolite",22
"97","Ashiisaurus",21
"98","Benwhoah",21
"99","danieltobin",21
"100","awkwardphilippe",20
"101","DailyMemeSuppIy",20
"102","HonestToddler",20
"103","retailwire",20
"104","Inc",19
"105","mochiipanko",19
"106","nikinsammy",19
"107","RexTilllerson",19
"108","phoenixwuff",18
"109","seowonarchive",18
"110","SibsWebSeries",18
"111","todateen",18
"112","businessinsider",17
"113","cesargomezr",17
"114","Optimistic_TY",17
"115","XplodingUnicorn",17
"116","avery_WP",16
"117","oddytweets",16
"118","Jarhead44",15
"119","Lovestained555",15
"120","UncleBlazer",15
"121","DealsPlus",14
"122","kwanmanie",14
"123","Thintoxicating",14
"124","alliecatjoi",13
"125","CloeCouture",13
"126","DubKitteh",13
"127","gfunny198",13
"128","TheBanat",13
"129","ViralBeast101",13
"130","amyodell",12
"131","Choco_Mocha_TH",12
"132","ColbiJordan",12
"133","connormcdonough",12
"134","Independent",12
"135","julia_vaccaro",12
"136","jutamasjutm",12
"137","MikeyBustos",12
"138","ohmy_bryanna",12
"139","RoseCarpet",12
"140","SBUXSevenHills",12
"141","The_News_DIVA",12
"142","thisisinsider",12
"143","tobadolls",12
"144","twtniaga_",12
"145","YahooNews",12
"146","GADISmagz",11
"147","hellaeileen",11
"148","kellyblaus",11
"149","NJ_NueThiti1228",11
"150","rapbitdolls",11
"151","Refinery29",11
"152","sexualgifs_",11
"153","Souchka",11
"154","teenagehumors",11
"155","BloombergLaw",10
"156","daisukifood",10
"157","dvmivn_",10
"158","EaterNY",10
"159","eggxte",10
"160","heroesicons_tv",10
"161","jessieftsabrina",10
"162","jordybrengosz",10
"163","klgandhoda",10
"164","kmh6ft_of_fun",10
"165","NeopetsTech",10
"166","people",10
"167","SbuxCrockerPark",10
"168","shelbygraces",10
"169","TheDickChokers",10
"170","TimeOutNewYork",10
"171","Top_TruthSeeker",10
"172","bastatodo",9
"173","craigslistlove",9
"174","elguzii",9
"175","glamourmag",9
"176","hooheew",9
"177","japaikin",9
"178","jessiepaege",9
"179","LocuraCoder",9
"180","MarketWatch",9
"181","NinjaEconomics",9
"182","PoliceBadBoy",9
"183","Postmates",9
"184","rainbowladlouis",9
"185","usweekly",9
"186","WSHHFANS",9
"187","1027KIISFM",8
"188","AniseEden",8
"189","aparnapkin",8
"190","awsten",8
"191","BrunswickSbux",8
"192","ChannelAwesome",8
"193","_connienicole",8
"194","DelishDotCom",8
"195","eatwithmoo",8
"196","EmiForLove",8
"197","lauritapaImer",8
"198","lilmsragerr",8
"199","marieclaire",8
"200","NYDailyNews",8
"201","tanpopo_0357tdf",8
"202","TheFunnyVine",8
"203","TheSun",8
"204","ThomasDBradley",8
"205","uiromilk",8
"206","UPROXX",8
"207","_aandreeaaa_",7
"208","CBSThisMorning",7
"209","CNET",7
"210","davonnm14",7
"211","d_haggar",7
"212","elena_yip",7
"213","gadgets_haul",7
"214","garotasnerds",7
"215","hyuckkiebear",7
"216","iTalk2Slick",7
"217","jeonghan_trash",7
"218","KeithCarson",7
"219","KPRC2",7
"220","lindeelink",7
"221","LoveEspressoUK",7
"222","Lyricoldrap",7
"223","MaCakers_",7
"224","MarieRed76",7
"225","MelissaSChapman",7
"226","Mr_Golge61",7
"227","mypassion4food",7
"228","OdysseyRejects",7
"229","OhMyGOFF",7
"230","RaqibMarvelous",7
"231","RedFlagDeals",7
"232","shiralazar",7
"233","Soundhumor",7
"234","thevickster_sa",7
"235","thisis_thatguy",7
"236","vivayashiO",7
"237","WineMummy",7
"238","abarty_intheusa",6
"239","_alysiaaaa",6
"240","blogwithatwist",6
"241","BrandonTrueblo1",6
"242","cheeky_barista7",6
"243","DIYcookery",6
"244","Eightinchgoat",6
"245","estephanyelena",6
"246","IamFlautisto",6
"247","Jackalcakes",6
"248","jacobcruik",6
"249","kanyarat_ampz",6
"250","kelseyr24",6
"251","kingcakecharlie",6
"252","MarinaJoyce7",6
"253","Markus_Moos",6
"254","mic",6
"255","MomentsES",6
"256","munchies",6
"257","mylifeaslitliz",6
"258","ndThatsAnOldHag",6
"259","nickasfrick",6
"260","officialkpxii",6
"261","OliviaMesser",6
"262","roach_nigga",6
"263","Salon",6
"264","Sea3P0",6
"265","slickdeals",6
"266","smithleannemily",6
"267","SoyBienMamon",6
"268","tastemade",6
"269","tkelly767",6
"270","yummycuisines",6
"271","Anth0nyAceved0",5
"272","bdunkelman",5
"273","Braungardtanner",5
"274","CauseWereGuys",5
"275","Distracted_Dad",5
"276","DivaliciousCFVY",5
"277","edubsbux",5
"278","fatihguner",5
"279","IPLawAlerts",5
"280","istarbucksmenu",5
"281","kahvve_",5
"282","KarukePatata",5
"283","kaylawrightofc",5
"284","LaStampa",5
"285","loryannramos",5
"286","Luigi0591",5
"287","maaannddaaa",5
"288","malaysiastudent",5
"289","MLive",5
"290","MyEverydaySavvy",5
"291","outspokenid",5
"292","pausantoss",5
"293","PenfieldSbux",5
"294","POPSUGARFood",5
"295","p_psrp",5
"296","puifaipanita",5
"297","RamosKmarie",5
"298","RetailDive",5
"299","simpleethrifty",5
"300","snopes",5
"301","StarbucksAu",5
"302","streadys",5
"303","ThatsFoodPorn",5
"304","tianiii",5
"305","trishvlee",5
"306","WendyWinny",5
"307","ZulianaEusoff",5
"308","929PJH",4
"309","AdelaineMorin",4
"310","ajc",4
"311","ANightOwlBlog",4
"312","bcareyy",4
"313","BDonahueLaw360",4
"314","bongtao",4
"315","BrennanArcement",4
"316","Britters7Negron",4
"317","cammakid",4
"318","Circa",4
"319","CITMAuk",4
"320","curlyaliyah",4
"321","DanDarkPill",4
"322","davcha8",4
"323","DenkyuuMedia",4
"324","doktorj",4
"325","DWillDoesIt",4
"326","emilylumpkin1",4
"327","etaerealtaeger",4
"328","Fabulousmag",4
"329","HeatherL5599",4
"330","IAmSolfi",4
"331","InteProperty",4
"332","itselizabeth_h",4
"333","iusam__",4
"334","JoeysWordTour",4
"335","KIRO7Seattle",4
"336","klfrsr",4
"337","layneblittle",4
"338","MakeupForWOC",4
"339","Marcasur",4
"340","markfidelman",4
"341","_MatthewBowman",4
"342","mellohorn21",4
"343","micheledalai",4
"344","NyleDiMarco",4
"345","OvaryFeisty",4
"346","PerfectDailyG",4
"347","Phillipasoo",4
"348","Rustartruck",4
"349","SaraFHawkins",4
"350","saya3233",4
"351","SELFmagazine",4
"352","sk8demo",4
"353","Snookielovesme",4
"354","StarbucksCOL",4
"355","starbucks_sv",4
"356","StarbucksTR",4
"357","subtovurb",4
"358","TheDrumAmericas",4
"359","themonsterghost",4
"360","treydayway",4
"361","TrivWorks",4
"362","ttommyguidoo",4
"363","UCStarbucks",4
"364","VIVAcoid",4
"365","vuhsace",4
"366","YahooSG",4
"367","yuukirinrin329",4
"368","10News",3
"369","31i55a",3
"370","5sosraps",3
"371","AaronCarpenter",3
"372","ActionNewsJax",3
"373","adkaromatherapy",3
"374","AlyssaVillescas",3
"375","AmaryllisRouge",3
"376","anto_nardini",3
"377","Aplepiee",3
"378","ariivelaa",3
"379","AsencioElijah",3
"380","azatty",3
"381","beyoncesanatomy",3
"382","bitcoinagile",3
"383","blade_funner",3
"384","blicqer",3
"385","BNNatomas",3
"386","BN_Portage",3
"387","BNWebsterNY",3
"388","carlberg_alyssa",3
"389","Cattuccinos",3
"390","chpe9x",3
"391","CNNnews18",3
"392","cnnphilippines",3
"393","CookingNewz",3
"394","danielJatwell",3
"395","DanKennedy_NYC",3
"396","DenisseNiece",3
"397","duhgina",3
"398","dylanhaines4",3
"399","Earriffic",3
"400","ErinAbbott05",3
"401","ethiopienne",3
"402","fasciination",3
"403","foodandwine",3
"404","FortuneMagazine",3
"405","freakshow1055",3
"406","funnyordie",3
"407","GanqueGaming",3
"408","gregrosname",3
"409","harboreast",3
"410","Heissarcastic",3
"411","hellogiggles",3
"412","heterostraight",3
"413","iiamaiiz",3
"414","itsraashi",3
"415","itsVictoriaSage",3
"416","Jaaybistecs",3
"417","jacob_e39",3
"418","joshrothenbush",3
"419","JudithLeiber",3
"420","julian_nowicki",3
"421","KarenKilgariff",3
"422","kerten_kele",3
"423","KFIAM640",3
"424","KISSFMSEATTLE",3
"425","LaCooquette",3
"426","layluurs",3
"427","Letribunaldunet",3
"428","lewna_",3
"429","lindseyr_16",3
"430","luckylizzzard",3
"431","lumpeninsan",3
"432","malinamran",3
"433","mamii_lani",3
"434","mariaaoun13",3
"435","martisaraco6",3
"436","mattya_sweet",3
"437","megannicole",3
"438","MeowFoxcat",3
"439","merlotmommy",3
"440","MIGUELPALLARES",3
"441","Milligray4",3
"442","miraaanda44",3
"443","mntkitty",3
"444","MONEY",3
"445","Monica61",3
"446","NAITFood",3
"447","NicheCartoons",3
"448","O92KJ",3
"449","oldxhabits",3
"450","OrganicLife",3
"451","ParmaStarbucks",3
"452","PicoNavarro",3
"453","PLATINUMVOICEPR",3
"454","POPSUGARUK",3
"455","publicwizard",3
"456","rafaramosESPN",3
"457","RealSimple",3
"458","RelatablBangtan",3
"459","Reverend_Scott",3
"460","RingOfIcyy",3
"461","risotto_en",3
"462","rosabintash",3
"463","runmarerunnn",3
"464","RYouBeingServed",3
"465","saeedk72",3
"466","ScottLinnen",3
"467","shanedawson",3
"468","SlaveofDakota",3
"469","sofarrsogud",3
"470","Srcolgate",3
"471","Starbucks_cr",3
"472","starbucks_gua",3
"473","statut0s",3
"474","svnder",3
"475","syrianbryn",3
"476","tayyayyay28",3
"477","TCPalmKelly",3
"478","TheBoydP",3
"479","TheDrum",3
"480","theTonyGee",3
"481","thisgabeguy",3
"482","TuExAmiguita",3
"483","twinchallenge",3
"484","wattsupamanda",3
"485","WORIDSTARHIPH0P",3
"486","xemmalayy",3
"487","xvenusasaboyx",3
"488","yesiguzzzy",3
"489","yungbrownboy",3
"490","10yusufalp",2
"491","303Congress",2
"492","5Prill",2
"493","708nao0804",2
"494","949TheBull",2
"495","aaronbergcomedy",2
"496","abidorable",2
"497","Adam_Connie",2
"498","akanacke",2
"499","Alexisvaladez_",2
"500","AlFlynn91",2
"501","alt_bit_coins",2
"502","AmeliaCheire",2
"503","anissmarzuki",2
"504","annedumalag",2
"505","AnOrangeSNES",2
"506","ar48ii",2
"507","a_suger_flower",2
"508","asyraf0518",2
"509","AubreeMartz",2
"510","AustinMcbroom",2
"511","ayahnaaragon",2
"512","AyoAmandii",2
"513","B2Community",2
"514","Barnes_Bismarck",2
"515","BeamingBaker",2
"516","BehaviorFit",2
"517","bellesthetics",2
"518","Bglasserbaker",2
"519","bidonjuan",2
"520","blattinaa",2
"521","bmanking101",2
"522","BMS_ThadCastle",2
"523","BNAmherstNY",2
"524","BNBattleCreek",2
"525","BNLakeGrove",2
"526","BNMayfair",2
"527","BNOxfordValley",2
"528","BNPoughkeepsie",2
"529","BNReno",2
"530","BNSunsetValley",2
"531","BNWarwickRI",2
"532","bnwaterbury",2
"533","boyfdrums",2
"534","bradenbruhh",2
"535","brittanyhannan9",2
"536","brooklynn10145",2
"537","bryanna_hodgson",2
"538","Buns_In_My_Oven",2
"539","BzzAgent",2
"540","CaryStarbucks",2
"541","CaseShuff",2
"542","cbsboston",2
"543","Chelseaajpg",2
"544","chrisgotjuiice",2
"545","ChrisShadowens",2
"546","cinpasta",2
"547","CJ_Ledford",2
"548","ClarkeMicah",2
"549","ComedyPics",2
"550","CorderyEllie",2
"551","CoreyBoland1",2
"552","CouchCastNeal",2
"553","CountryLiving",2
"554","CPFoodBlog",2
"555","CUSFeed",2
"556","dancefails",2
"557","__danielasilva",2
"558","danimartinezgu",2
"559","DanVegaBusiness",2
"560","DAYTRADINGz",2
"561","deco0923",2
"562","desolateson",2
"563","DIYcookingTH",2
"564","DjDrLongShaft",2
"565","DKissTV",2
"566","doloresapreda",2
"567","dornobdesign",2
"568","DottyLaAbstract",2
"569","dougch18",2
"570","Dr_Phillz",2
"571","EastBoston_Sbux",2
"572","Eater",2
"573","ekwolff",2
"574","EliteDaily",2
"575","El_Universal_Mx",2
"576","EmmanRodri",2
"577","EmperorDarroux",2
"578","erikpcarlson",2
"579","Ernes_tinO",2
"580","EvaDeMetal",2
"581","everythingAAHE",2
"582","EwItsBerkeley",2
"583","extracrispy",2
"584","FariziRusli",2
"585","feesha724",2
"586","filteredmedia",2
"587","foodbeast",2
"588","foybj",2
"589","Freebiesource1",2
"590","freedubya",2
"591","FunJapanTravel",2
"592","gabriellejwhite",2
"593","GADISSchoolZone",2
"594","GangstaZomber",2
"595","GCMakeup",2
"596","GeekFilter",2
"597","GeoFunk_",2
"598","GossipRoomOff",2
"599","Groupon__CL",2
"600","grubstreet",2
"601","GuideMarcoPolo",2
"602","_gwopgoddess",2
"603","HamBabyOfficial",2
"604","haydennmooree",2
"605","hayley_verbison",2
"606","hebaalb_",2
"607","HeyWhitney",2
"608","____hinako4",2
"609","HPLifestyle",2
"610","Huysinga",2
"611","IamJackBoot",2
"612","idcbitchess",2
"613","imMohanMahesh",2
"614","Indepgirlism",2
"615","indigopisces",2
"616","IndraMuliaLEE",2
"617","InsaneCrazyGuy",2
"618","inVINZibleTing",2
"619","ItsHimMichael",2
"620","itsnickhorton",2
"621","IvyKyraKareyD",2
"622","jacobgershman",2
"623","JanosMedyx",2
"624","javachris",2
"625","jaydengeddes",2
"626","Jeffwni",2
"627","JellybeanJhc",2
"628","_Jencita_",2
"629","JennMeyering84",2
"630","jennxhans",2
"631","jerryjamesstone",2
"632","Jerrysixxx",2
"633","jessica_rabaey",2
"634","JettzenShea",2
"635","jmgolden96",2
"636","JOAQUINonadream",2
"637","JoeyGraceffa",2
"638","JOMEjen",2
"639","JoshuaSmitt",2
"640","jrvictorio29",2
"641","jwbutta",2
"642","k92zack",2
"643","KaliGirl86",2
"644","kamaldb",2
"645","KantaponT",2
"646","KartuKreditBCA",2
"647","kattmadisen",2
"648","kelseyyxo1",2
"649","KerickSullivan",2
"650","KimSwagNYC",2
"651","KITV4",2
"652","KleinesFenster",2
"653","Kryzazy",2
"654","leomsoaress14",2
"655","Leslyyacquelin",2
"656","LGPineapple",2
"657","liannemarije",2
"658","liberatesarrah",2
"659","lilemailtrapper",2
"660","Lilyhzt",2
"661","lilytoutsourire",2
"662","limehyeob",2
"663","Liquid_atheist",2
"664","LittleJorden",2
"665","llufituaeb",2
"666","Local4News",2
"667","loitersquvdvids",2
"668","lomiyou",2
"669","LongLiveDTG",2
"670","love_starbucksJ",2
"671","lowkeypaege",2
"672","LVRGLLC",2
"673","lzimmlive",2
"674","macypavelock",2
"675","madisonnaddiee",2
"676","madly_madi",2
"677","marianperez93",2
"678","mariopgrant",2
"679","MatthewFawcus",2
"680","maurosicard",2
"681","Max_McKerlie",2
"682","_mayrraa",2
"683","_meggann_",2
"684","melissaavarela",2
"685","mersaultjude",2
"686","Mikey_1007",2
"687","mikeyfrieds",2
"688","MillarMatthews",2
"689","MissGongjuHS",2
"690","_____miu0311",2
"691","mmarie36",2
"692","mmaxinelucille",2
"693","mollyligonn",2
"694","mtlblog",2
"695","myvancity",2
"696","mywhirlwindmind",2
"697","MzspellDena",2
"698","nandojkcolas",2
"699","NayyPettyyy",2
"700","nhnnm",2
"701","nickbuteraa",2
"702","nikfenton",2
"703","OfficialNOWEnt",2
"704","OrangeBrew",2
"705","OurFamilyNest",2
"706","outofcontroljb",2
"707","oxSmolKitty",2
"708","____PantheR",2
"709","PayasoSinGracia",2
"710","PeopleFood",2
"711","phiberoptik",2
"712","PhillipTaborn",2
"713","PIX11News",2
"714","PizzaTacoDonut",2
"715","PokemonGoApp",2
"716","PrinceeOfNarnia",2
"717","princessaley__",2
"718","queengengar",2
"719","QUT_IP",2
"720","Rabbitxingxing",2
"721","RaquelCiampi",2
"722","RinbowO",2
"723","RocketNews24En",2
"724","rolistespod",2
"725","ronfeir",2
"726","rukunektar",2
"727","rule2_rule",2
"728","ryanthemaker",2
"729","saaasdfghjkl",2
"730","sapongnoona",2
"731","Sarais_thoughts",2
"732","sarcasticmommy4",2
"733","sbux2300",2
"734","SbuxCocoWalk",2
"735","Sbuxlgcyvillage",2
"736","SbuxTowerCity",2
"737","sbwp_io",2
"738","scarrrlllin",2
"739","ScubavelliDeux",2
"740","Sekinatlawal081",2
"741","__sekrettt",2
"742","signsalad",2
"743","simoncholland",2
"744","simpleygourmet",2
"745","SimplyRania",2
"746","Siren_Sea_Witch",2
"747","Skry_Guy",2
"748","skylinkdave",2
"749","spark13960",2
"750","spieletrend",2
"751","Spreadapedia",2
"752","Starbucks2813",2
"753","starbuckspolska",2
"754","SteffanieFlores",2
"755","Stop_UTK_Now",2
"756","studio_hazuki",2
"757","suchaCoffeeCat",2
"758","synchrojapan",2
"759","syqau",2
"760","SZ",2
"761","tailgatebeer",2
"762","talkofheaven",2
"763","TaylarGoss",2
"764","taylorswift13",2
"765","Team10official",2
"766","teamrattrap",2
"767","TechGeekRebel",2
"768","teen__speak",2
"769","thatkid1613",2
"770","TheCatWhisprer",2
"771","TheCircleGSU",2
"772","TheMVJournal",2
"773","the_real_moreau",2
"774","thestomachhands",2
"775","TheTorontoSun",2
"776","Thiti_pleple",2
"777","TKMUTT",2
"778","TohviaO",2
"779","ToledoBookstore",2
"780","TracyQLoxley",2
"781","TrevorMonte",2
"782","TroyCoby",2
"783","tubuiminh",2
"784","TwinSurvivalist",2
"785","TwistyPB",2
"786","TwitterMoments",2
"787","UglyGuy140",2
"788","upsetbarista",2
"789","v101fm",2
"790","veggiepaleofood",2
"791","Verraeterin",2
"792","vicecanada",2
"793","viveesmeralda",2
"794","_voidkisses",2
"795","WearyWallflower",2
"796","WHOhd",2
"797","WomansDay",2
"798","WorthamJayla",2
"799","wsubookie",2
"800","xnicholexc",2
"801","Yahoo",2
"802","youvoteyoucount",2
"803","ZaibBabe",2
"804","0kaitlyn0",1
"805","0xabad1dea",1
"806","1023WBAB",1
"807","1075theriver",1
"808","1200WOAI",1
"809","120yearz",1
"810","1214Basketball",1
"811","1998prt",1
"812","1dareliars",1
"813","1NamedLeemur",1
"814","1natter_di",1
"815","2316CliftonSbux",1
"816","2580WestlakeSB",1
"817","2PlattenKocher",1
"818","2questionable",1
"819","30samIToya",1
"820","4GoodnessBlakes",1
"821","8gables",1
"822","8thGradeWasBest",1
"823","933FLZ",1
"824","977thebeach",1
"825","99_social",1
"826","_aaaaariel",1
"827","AACCIntl",1
"828","aalexandraa98",1
"829","Aaronchen332",1
"830","aayendrew",1
"831","abartons",1
"832","AB_AR_Vlog_Game",1
"833","abbsofsteel_3",1
"834","abbygailob",1
"835","AbbyNoie",1
"836","abbystrobelt",1
"837","abd_hdy",1
"838","AbercrombieGel",1
"839","AbigaelKCTV5",1
"840","ABoyToRemember",1
"841","_Absurde",1
"842","AccessWinnipeg",1
"843","actingmylife211",1
"844","actionevans",1
"845","ActThor",1
"846","adam_ballinger",1
"847","adamswifi",1
"848","addleapp1e",1
"849","addyk216",1
"850","adibbiman",1
"851","adlevizl",1
"852","AdorableRingo",1
"853","adrianagonv",1
"854","AdriannaKmetz",1
"855","ADWuae",1
"856","AEONMallBSDCity",1
"857","afcSharky",1
"858","Afriquya",1
"859","Afsar_O",1
"860","AguaParaNescafe",1
"861","agu_carabajal",1
"862","AgusVillarruel8",1
"863","Ahmed__Demha",1
"864","ahtziridl",1
"865","_aimeeconnolly",1
"866","AimeeStern",1
"867","airiii_dancer",1
"868","aishitooru",1
"869","AislynnTimmins",1
"870","ai_vuh_ree",1
"871","AJSmith1113",1
"872","akajordanross",1
"873","AkarBerkcan",1
"874","AkelaSound",1
"875","AlertTrade",1
"876","alessandra_bara",1
"877","alexandrabird13",1
"878","alexis_colletti",1
"879","AlexisLeeReyes",1
"880","alexizsaldivar",1
"881","alexwisp",1
"882","ali_mcconnell",1
"883","Ali__Shain",1
"884","alisterandrews_",1
"885","_allanmatias",1
"886","ALLippincott",1
"887","AllisonRaynor",1
"888","alliyaazmir",1
"889","alltheabby",1
"890","altyrlog",1
"891","AlyseGambles",1
"892","AlysonRice_",1
"893","alyssabaches",1
"894","alyssachanelle",1
"895","alyssa_huns",1
"896","alyssa_owens",1
"897","amandaameer",1
"898","AmandaBlackfire",1
"899","amandugh",1
"900","amandxrs",1
"901","AMatthiesen",1
"902","amberpace_",1
"903","amelia182_",1
"904","AmiruddinRafii",1
"905","AMP1037DFW",1
"906","AnastaciaMusic",1
"907","andi_con",1
"908","AndrewCouts",1
"909","andrewmhickey",1
"910","andrewsude",1
"911","AndrewYoung206",1
"912","AngelaIMC",1
"913","AngelaRoseWill1",1
"914","angelavalela",1
"915","AngieGreenup",1
"916","AnjaWhateley",1
"917","Ann16Jones",1
"918","Anna3x",1
"919","Anndrea09",1
"920","annuhhhlee_",1
"921","anthosalinas99",1
"922","anya_bernard",1
"923","aomietyk",1
"924","AprilEganHair",1
"925","aquafineyah",1
"926","aquariustrann",1
"927","AquinxxxBI",1
"928","ArdenChoFanclub",1
"929","ariananana16",1
"930","AriaRealty",1
"931","aribelljpg",1
"932","arielmwalsh",1
"933","arod800",1
"934","_arowe",1
"935","Arsenall24",1
"936","ArtemisLuck",1
"937","AryannaCooke",1
"938","ASAP_KIKI_",1
"939","AshJ87",1
"940","ashleybuckleyy",1
"941","_AshleyC21_",1
"942","ashleynmcelvy",1
"943","ash_rowbless14",1
"944","ASIAXXIII",1
"945","askme12Sandra",1
"946","AtelierFami",1
"947","attacksn",1
"948","AuguraDigital",1
"949","AuniAb",1
"950","AustinKSNT",1
"951","AverySchlereth",1
"952","avoclodo",1
"953","axndreaa",1
"954","ayakasMomo",1
"955","ayaka_tr12",1
"956","Aye_Kilah",1
"957","_ayeli_",1
"958","aynaatiqa",1
"959","AzlinShamimie",1
"960","b4steredprince",1
"961","BabyGirlKit",1
"962","babypinknialler",1
"963","babyygirlmels",1
"964","BaeIationship",1
"965","BaileyBrookeCam",1
"966","BamaLez16",1
"967","bananafin",1
"968","Banc0Pokem0n",1
"969","bangtandgs",1
"970","BangtansMochi13",1
"971","BarbaraNiven",1
"972","BaristaHonest",1
"973","BaristaJill",1
"974","BarnesNSalem",1
"975","BarneyStellar",1
"976","baybay929",1
"977","baylin_self",1
"978","bbaylee_",1
"979","BBWslayer666",1
"980","bcokami",1
"981","BeanieFeldstein",1
"982","BeautifulWhims",1
"983","BeautyandMore14",1
"984","becdwo",1
"985","BedStuyPatch",1
"986","___beep",1
"987","behatistyIes",1
"988","BelChamUS",1
"989","benamckee",1
"990","benfoldslaundry",1
"991","benjancewicz",1
"992","BestOfJLauther",1
"993","BIackPpIComedy",1
"994","biacouttinho",1
"995","bibamagazine",1
"996","Big955Chicago",1
"997","BinBlaire",1
"998","Bisniscom",1
"999","bitxhwitch",1
"1000","bl0ndegiirl",1
"1001","blazepaw",1
"1002","blizjeff",1
"1003","blonde_kush",1
"1004","blopez920",1
"1005","BlueGamer11dude",1
"1006","BLyissa",1
"1007","bmdazzo",1
"1008","BNArboretum",1
"1009","BNCedarRapids",1
"1010","BNChattanooga",1
"1011","BNClarence",1
"1012","BNHawthornMall",1
"1013","BNLennoxTwnCtr",1
"1014","BNManOWar",1
"1015","BNMaplewoodMN",1
"1016","BNMoheganLake",1
"1017","BNMonmouthMall",1
"1018","BNMorrisPlains",1
"1019","BNRockford",1
"1020","BNTorrance",1
"1021","BNYoungstownOH",1
"1022","bobbydtv",1
"1023","Boi_Kat_Stacks",1
"1024","Boss11D",1
"1025","botanicvngel",1
"1026","BoysOnMeHeavy",1
"1027","BOYWONDERELROY",1
"1028","brandanwade",1
"1029","BrandwatchES",1
"1030","Braves_Fan007",1
"1031","_breannaleshae",1
"1032","breday_everyday",1
"1033","breeboo0912",1
"1034","BreenMirjam",1
"1035","breezelovesoul",1
"1036","brewer_julie",1
"1037","bricolagelaw",1
"1038","brie_petrow",1
"1039","brisanders123",1
"1040","BritandCo",1
"1041","BrittanyJoyal",1
"1042","Brittneycastro",1
"1043","brock112233",1
"1044","BrookstreetOtt",1
"1045","broooooklynnnn",1
"1046","Broscussion",1
"1047","brriii_26",1
"1048","_bruce89",1
"1049","BTOMASV",1
"1050","Bunniceu",1
"1051","buzz_ebooks",1
"1052","BuzzFeedFood",1
"1053","bvasher96",1
"1054","BwitU2",1
"1055","bynrbl",1
"1056","bzooty",1
"1057","CabeYofeels",1
"1058","cakepril",1
"1059","CalgaryDealBlog",1
"1060","calistac4t",1
"1061","callieroche16",1
"1062","calypsocoffee0",1
"1063","camalexboen",1
"1064","camilamunoz23",1
"1065","camilo_jpm",1
"1066","CandideKier",1
"1067","candiiriera",1
"1068","candy8113",1
"1069","carlosgomen",1
"1070","CaroCaje",1
"1071","carolinefallonn",1
"1072","CarverComm",1
"1073","casmondddd",1
"1074","CatyMetzger",1
"1075","CBraxdale_TDA",1
"1076","CBX129mion",1
"1077","CCabelloDuh",1
"1078","CClipinista",1
"1079","CDP1882",1
"1080","Cecezhanae",1
"1081","___chanri01",1
"1082","chantel0208",1
"1083","charltanae",1
"1084","Charlyhk",1
"1085","chelseaahaas",1
"1086","chelseaharveyy",1
"1087","chemroseangelie",1
"1088","CheyLeandra",1
"1089","CHI_DealFinder",1
"1090","Chillpainai",1
"1091","Chip_Chick",1
"1092","chlamydiamiggs",1
"1093","chloeyasheckie",1
"1094","ChloieJonsson",1
"1095","chocomilk_1004",1
"1096","chrisashhe_",1
"1097","christina48221",1
"1098","chrisvalencia_2",1
"1099","cindy2nd",1
"1100","Cinesnark",1
"1101","clasher_gaming",1
"1102","clcourte",1
"1103","clingyyv",1
"1104","ClixWizard",1
"1105","cloudspretty",1
"1106","cluelesscamper",1
"1107","cluelessnina",1
"1108","CMYKGenet",1
"1109","CNN",1
"1110","cnni",1
"1111","cnsavidge",1
"1112","coachgarza14",1
"1113","Coates_Racing",1
"1114","coffeeandcare",1
"1115","_coffeefuelled",1
"1116","coffee_memes",1
"1117","ColbertClan",1
"1118","CollenIP",1
"1119","_concepci0n",1
"1120","ConejoVampiro",1
"1121","ConorGibney",1
"1122","cookingscarlet",1
"1123","CoreyCarmody",1
"1124","coryinthheights",1
"1125","craftygirlg",1
"1126","crawford_lily",1
"1127","creativeTypeDad",1
"1128","CrippledU",1
"1129","_cristiana_t",1
"1130","CruzxControl",1
"1131","CrystalCatKing",1
"1132","CStephanieM",1
"1133","cupcakes_wine",1
"1134","CWillKnapp",1
"1135","cxr03",1
"1136","cydnie_jordan",1
"1137","CynJaeger",1
"1138","CynthiaY_xoxo",1
"1139","DaDaDaShire",1
"1140","DaddyAshley_",1
"1141","Daisy_0201_",1
"1142","dalis10",1
"1143","DamaDivina_",1
"1144","Daminous_Purity",1
"1145","damnnadia",1
"1146","DanceTTR",1
"1147","danchi97",1
"1148","daniann20",1
"1149","Danielistheway1",1
"1150","daniellomate",1
"1151","_danielmorbs",1
"1152","Darkeclipse2222",1
"1153","darkyetlovely",1
"1154","dasteele1975",1
"1155","data_nerd",1
"1156","daveecastroo",1
"1157","DavidDaviDeCas1",1
"1158","davidhenkes",1
"1159","DavidMa50592543",1
"1160","DCFloridaChick",1
"1161","DeadKaruWalking",1
"1162","deanda_heather",1
"1163","deejsylvis",1
"1164","Deji_N",1
"1165","delasip",1
"1166","DementedAshba",1
"1167","Depressdbarista",1
"1168","DerangedRadio",1
"1169","DerekZoolander0",1
"1170","DevilDyo",1
"1171","DevonNowark",1
"1172","dg9k5swxAtpVPT6",1
"1173","DickieDelaine",1
"1174","DinoNattapat",1
"1175","dior_duo",1
"1176","diseasesolved",1
"1177","diyanamohdnor",1
"1178","DJH914",1
"1179","DMJoeyD",1
"1180","dnz_ylmazz",1
"1181","dokin_nrk",1
"1182","DonPapalord",1
"1183","dottiejo40",1
"1184","dougbies",1
"1185","dreamstar1666",1
"1186","DrMikeSimpson",1
"1187","Drrake",1
"1188","_drudgereport_",1
"1189","Dsossaa",1
"1190","dtrombino",1
"1191","Dude_Its_Jacoby",1
"1192","DWUW69",1
"1193","e77tt",1
"1194","EadieLexie",1
"1195","ebrinck08",1
"1196","echochlo",1
"1197","edmagrcia",1
"1198","eevelynn__",1
"1199","EfanErdiyna",1
"1200","egomezislas",1
"1201","_ElCirujano",1
"1202","elessien",1
"1203","ElizabethBroz1",1
"1204","ElJeringasLoko",1
"1205","ellinorakeson",1
"1206","Elrapunz",1
"1207","elstono",1
"1208","EMEdeMujerUSA",1
"1209","Emily_graceffa",1
"1210","emilykwilton123",1
"1211","emily_timlin",1
"1212","emilyxsnapp",1
"1213","emmymadeinjapan",1
"1214","emsalazar16",1
"1215","EmyPerrier",1
"1216","EngagedSMM",1
"1217","epicmatcha",1
"1218","EpicSarahSmiles",1
"1219","er1ca_L0w",1
"1220","EretnaBeyi",1
"1221","ErikaWasTaken",1
"1222","Eshayon",1
"1223","Espinozzzaaa",1
"1224","essenc3s",1
"1225","estah",1
"1226","ethansoares_08",1
"1227","Evelyyynnnn_",1
"1228","exs_i",1
"1229","ezgiandmarket",1
"1230","F00DP0RN",1
"1231","FanaticsMark",1
"1232","_Fancy_M3",1
"1233","farego",1
"1234","fashazmi",1
"1235","fASHionablyL8te",1
"1236","fatlemons",1
"1237","faultinthestarr",1
"1238","feelthesuSPENCE",1
"1239","ferrjimenez",1
"1240","FertilePanther",1
"1241","fiesta_casinos",1
"1242","fifty2percenter",1
"1243","FikriFarizal",1
"1244","financeprnews",1
"1245","_finarry",1
"1246","fiqalala",1
"1247","firmdoor",1
"1248","FlappyWolf",1
"1249","FlavorBlastedGF",1
"1250","floralprinted",1
"1251","fluffyjimin_",1
"1252","fol_t",1
"1253","fontayyyyne",1
"1254","foodhuntress",1
"1255","foodieshawn",1
"1256","foodtellers",1
"1257","Forbes",1
"1258","ForeverOnTrend",1
"1259","foshizzlesienna",1
"1260","FoundersGyan",1
"1261","fozart72",1
"1262","frank62185801",1
"1263","frank_haces",1
"1264","frappefather",1
"1265","FreshcutMo",1
"1266","friendtellpro",1
"1267","FrugalCrissy",1
"1268","fura_kana",1
"1269","G00dKai",1
"1270","gabbydabaddie",1
"1271","gabby_majestii",1
"1272","gabestejskal",1
"1273","gabrielasoare73",1
"1274","__gahc__",1
"1275","gaijintacle",1
"1276","GamerPon",1
"1277","garotasgeeks",1
"1278","GarryNelson7",1
"1279","gassyemo",1
"1280","gatillo__",1
"1281","_gayleer",1
"1282","Geenneessiiss_",1
"1283","general_organaa",1
"1284","geniscat248",1
"1285","geothebio",1
"1286","geyayd",1
"1287","GFOTY",1
"1288","ghoulrunnings",1
"1289","GianniKennaye",1
"1290","GiftCard_Coupon",1
"1291","GlamStyleByYuli",1
"1292","gocollectnow",1
"1293","GoldenBeanMX",1
"1294","goldietaylor",1
"1295","goodafternoone",1
"1296","GoodHumorGrl",1
"1297","gossipgriII",1
"1298","GottaBeReal100",1
"1299","Goyo_MCJR",1
"1300","graciana99",1
"1301","GravyDaveyy",1
"1302","graysob55",1
"1303","GreenideTech",1
"1304","greenladiesc",1
"1305","GretaBrinkley",1
"1306","Grethan_life",1
"1307","grxffology",1
"1308","guardian",1
"1309","Guide2Free",1
"1310","GVSUFOOD",1
"1311","GWHospital",1
"1312","h0tstuffrina",1
"1313","Habboefren",1
"1314","hafizhazwanhamm",1
"1315","hailstormmm",1
"1316","haleybringel",1
"1317","hamutal1505",1
"1318","hanasyaira",1
"1319","haninaffendi",1
"1320","hannahliz2015",1
"1321","HannuhhRich",1
"1322","Happyhourguys",1
"1323","Harlin1688",1
"1324","harrell2017",1
"1325","Harrysadorablex",1
"1326","HarveyLevinTMZ",1
"1327","hautesparkles",1
"1328","healthfitnessnm",1
"1329","Heather04045134",1
"1330","HebaBubba_",1
"1331","Helloitskz",1
"1332","helloyouguys1",1
"1333","HelmerPacheco",1
"1334","Henry_Alaxander",1
"1335","HermesMdn",1
"1336","heydrifterhere2",1
"1337","hibi_omoubot",1
"1338","highmayyyy",1
"1339","highpriestesz",1
"1340","hiiarbonlang",1
"1341","HiJazmineNicole",1
"1342","HitFixUPROXX",1
"1343","hlthygrocerygrl",1
"1344","holaamigos111",1
"1345","hollowman11",1
"1346","holyurl",1
"1347","http_violet97",1
"1348","Hubichu",1
"1349","HulaHoopLAL",1
"1350","huskypuppies21",1
"1351","HutchNaomi",1
"1352","hyang_twt",1
"1353","HYLOGENCY",1
"1354","hyped_resonance",1
"1355","Iamlegato",1
"1356","iam_regina_",1
"1357","iamthebe_m",1
"1358","iashleyrichards",1
"1359","ICMtl",1
"1360","idkelayna",1
"1361","IEKATERYNA",1
"1362","iIlegaljustin",1
"1363","IKrimpenfort",1
"1364","Illini_Union",1
"1365","ilovecoffee8",1
"1366","imlaurahouse",1
"1367","imlolabashang",1
"1368","Immarkanthony_",1
"1369","In3wetrust_",1
"1370","Inbotgo",1
"1371","IndasCorner",1
"1372","InDisputablyMe",1
"1373","InertSeaOctopus",1
"1374","Infinityymo",1
"1375","InFrontRowStyle",1
"1376","inkspot7777",1
"1377","innigames",1
"1378","InStyleMexico",1
"1379","_integrity2000",1
"1380","invent_therapy",1
"1381","ipclubin",1
"1382","Iranzu_C",1
"1383","irismary_",1
"1384","_isaaraah",1
"1385","IsaCantos",1
"1386","iseenudepeople",1
"1387","ishtkam",1
"1388","israalmn",1
"1389","istanbulilanorg",1
"1390","ItaliaPalafox",1
"1391","itsalicebiiitch",1
"1392","itsglindr",1
"1393","its_kidist",1
"1394","itsKristiiii",1
"1395","itsmena75",1
"1396","ItsmeRadkins",1
"1397","itsskaat",1
"1398","ItsTheBrandi",1
"1399","IUPDining",1
"1400","iWebUp",1
"1401","Izatulfara",1
"1402","j8ykae",1
"1403","jablair",1
"1404","Jacinda361890",1
"1405","jacksonbeckner",1
"1406","JaclynCoffey9",1
"1407","jacob_fromnm",1
"1408","JacobMendozaJRM",1
"1409","JadineTyne",1
"1410","jad_webster",1
"1411","_jaleesashley",1
"1412","james_backler",1
"1413","jamieverda",1
"1414","jamthemusicman",1
"1415","Janniwa",1
"1416","JasonSwartout",1
"1417","Javontithomas",1
"1418","Jay444",1
"1419","jayahrandle",1
"1420","Jaydenm0rales",1
"1421","jayzeatnhotdogs",1
"1422","JDCV90",1
"1423","JDSupra",1
"1424","JeanetteGivanni",1
"1425","JECook96",1
"1426","Jeff_Brundage",1
"1427","jehunter80",1
"1428","jellypresto",1
"1429","jennadancer02",1
"1430","jennanortonn",1
"1431","Jenn_Sloss",1
"1432","Jessica_Sarong",1
"1433","jesslovsdonutss",1
"1434","jesuiscobeal",1
"1435","JewelryChick",1
"1436","jgacio",1
"1437","jhaaaammmzzz",1
"1438","jhonnoxxx",1
"1439","jimmy2wotimes",1
"1440","jjaay_mixbabii",1
"1441","JJBarrera49ers",1
"1442","joannaclay",1
"1443","joetamborello",1
"1444","johannismaill",1
"1445","John_a_davis1",1
"1446","johncpotterhead",1
"1447","jointcouncil25",1
"1448","jon_map",1
"1449","jonnycp",1
"1450","jordan_flynn_",1
"1451","Jorge_Morell",1
"1452","josephjett1",1
"1453","JoshGeurink",1
"1454","JoshPowellbmx",1
"1455","JoshuaSchanck",1
"1456","JosiahHuffman",1
"1457","Joycelcarter3",1
"1458","jplunk13",1
"1459","JPMajor",1
"1460","jstorres",1
"1461","JtothedoubleNN",1
"1462","JTovar52",1
"1463","JTPCartoons",1
"1464","JUAJUANI",1
"1465","_JuicyDrea",1
"1466","juliemason",1
"1467","Juliet79193681",1
"1468","JuliK317",1
"1469","justinablackk",1
"1470","justt_brenda",1
"1471","JVirtuais",1
"1472","jwr19420",1
"1473","JxNxTHxNL",1
"1474","JYuter",1
"1475","k8esam",1
"1476","KaeliJae",1
"1477","kaelynzobel",1
"1478","KaitlynHunter7",1
"1479","KaleenaZ",1
"1480","kameo_22",1
"1481","KandiMSiegel",1
"1482","Kanerudo66",1
"1483","kankarared",1
"1484","karbibchellar",1
"1485","karim_laiba",1
"1486","karina73738",1
"1487","Karissaaa__",1
"1488","karlihenriquez",1
"1489","karli_rose7",1
"1490","karylovera",1
"1491","kaseybolling",1
"1492","katalogpromosi",1
"1493","Kate_H_Taylor",1
"1494","katesylvester",1
"1495","KateUebergang",1
"1496","_katieladuke",1
"1497","KatiHernandez94",1
"1498","_katyy_fagg_",1
"1499","Kay_Bee_304",1
"1500","KaylaGreenway",1
"1501","KaylieMelcher1",1
"1502","KBLawyers",1
"1503","kcd337",1
"1504","k_dani21",1
"1505","Keatonpowerhour",1
"1506","keatonxxgrant",1
"1507","keileyy_",1
"1508","Keirashley",1
"1509","KelsieThacker",1
"1510","KEN5_GANJIN",1
"1511","kennyg",1
"1512","keviijiang",1
"1513","KhakiBlueSocks",1
"1514","Khun_Year",1
"1515","kidrauhlsgirl",1
"1516","kierlynmack",1
"1517","KIM_JONG_DUNG",1
"1518","kimmieslazy",1
"1519","KingJust1n",1
"1520","__kissmybeauty_",1
"1521","Kiss_My_Yaz",1
"1522","KittyClitty",1
"1523","kkeiter",1
"1524","KKunze92",1
"1525","klaasm67",1
"1526","knijff_",1
"1527","Knowlesitall",1
"1528","KnowYourLeaker",1
"1529","KojiFox",1
"1530","konatsumama611",1
"1531","Koncerns",1
"1532","kost1035fm",1
"1533","kou_hon",1
"1534","krambrozia",1
"1535","KRIS6News",1
"1536","Kristopher_TM",1
"1537","kristynschro13",1
"1538","kswizzzle17",1
"1539","KudolifeApp",1
"1540","kuwtayy",1
"1541","kwett_",1
"1542","Ky7e_17",1
"1543","KylieDougherty",1
"1544","KyungsooAndFood",1
"1545","laadeeeeezzzzy",1
"1546","laalalauryn",1
"1547","labaladecabanas",1
"1548","ladytalk48",1
"1549","_laishamartinez",1
"1550","LaLuchaNix",1
"1551","landslid1n",1
"1552","laneflorsheim",1
"1553","_lannie4",1
"1554","larlar427",1
"1555","larrykim",1
"1556","laura92rosales",1
"1557","LauraIsSparkly",1
"1558","laurelshada",1
"1559","LaurMckellar",1
"1560","lD_Ruizz",1
"1561","leetellz",1
"1562","Legal_Alerts",1
"1563","legalloopUK",1
"1564","Legend00_13",1
"1565","lehuapuakea",1
"1566","lenejenius",1
"1567","LeoBanega77",1
"1568","lesbian_ginger",1
"1569","LesezeichenLisa",1
"1570","lesley_houston",1
"1571","LeslyVillesca",1
"1572","lethargyy",1
"1573","LexiLauren5",1
"1574","lexisdestiny_",1
"1575","LexiVixi",1
"1576","_LexxFlexx",1
"1577","Lexy_Smilez",1
"1578","lfboteroc",1
"1579","LibrarianSyd",1
"1580","lidittles",1
"1581","liehowell",1
"1582","LightNovelJaNai",1
"1583","lilb8by",1
"1584","lilchlofuckyes",1
"1585","____Lilo",1
"1586","lilyakamein",1
"1587","lily_lovexo",1
"1588","linda4news",1
"1589","LindaLeeKing",1
"1590","lindsayszafran",1
"1591","LindseyReilly",1
"1592","lindssss__x",1
"1593","Lip6Lifestyle",1
"1594","lisaamartinezz",1
"1595","LiseLasalle",1
"1596","LittleBittttt_",1
"1597","littlebofleek",1
"1598","littlewisehen",1
"1599","LiuBluekosha",1
"1600","liya_biya",1
"1601","_lizetteclaudia",1
"1602","Logan_Chadek",1
"1603","lomlbabyjames",1
"1604","lomorelli",1
"1605","LongwoodBooks",1
"1606","lorac125",1
"1607","LordRigney",1
"1608","lost_wanderess",1
"1609","Loving_TLC",1
"1610","luamenezesc",1
"1611","Lu_casa75",1
"1612","luccagianny",1
"1613","lucieguemez",1
"1614","luke____baylor",1
"1615","luke_brooks",1
"1616","LukeTHathaway",1
"1617","LuluL1985",1
"1618","LyndsieRowell",1
"1619","lynne_cat",1
"1620","LynnR3dh3ad",1
"1621","m1kant6",1
"1622","MadamePatachou",1
"1623","MadBlackPoet",1
"1624","maddiecanz",1
"1625","_madelynn101",1
"1626","Madhu_020",1
"1627","MadisonRater",1
"1628","madyisnotcool",1
"1629","MaegenBlack",1
"1630","mahmapuu",1
"1631","MahoneyRed",1
"1632","maimelo_xxxx",1
"1633","malajalexia",1
"1634","M_aljnaey",1
"1635","MaltybyNature",1
"1636","malvestida",1
"1637","m_alyafei45",1
"1638","manu_trindade_",1
"1639","Marcus_Handsome",1
"1640","marcuskelson",1
"1641","MariahMacCarthy",1
"1642","Marianalobom",1
"1643","marianawismann",1
"1644","marinasbixch",1
"1645","marisafarigirl",1
"1646","marisol_411",1
"1647","MarissaIvette",1
"1648","MarketingNetCo",1
"1649","MarketsTicker",1
"1650","MarkRaganCEO",1
"1651","markurheart852",1
"1652","Marky_Marks19",1
"1653","marlenejpg",1
"1654","marshawright",1
"1655","maryjholden",1
"1656","mary_kellogg1",1
"1657","MattTruter",1
"1658","MattyIc86799748",1
"1659","may31st__",1
"1660","McCully",1
"1661","Mchan_osk",1
"1662","MckennaCogar",1
"1663","mcooopp",1
"1664","mcpsslu",1
"1665","MeatMarketVlc",1
"1666","megan_helphand",1
"1667","_MelgozaCaroo",1
"1668","melissa540961",1
"1669","Melissasheisme",1
"1670","Melllyyss",1
"1671","mel_valdez14",1
"1672","MendozaaMicheal",1
"1673","MercedezUAZ",1
"1674","MetalFortressCT",1
"1675","MethSoup",1
"1676","MetisMagazin",1
"1677","MetroPulseUSA",1
"1678","mexman01",1
"1679","MGTpodcast",1
"1680","MiaBria_",1
"1681","MicahLea_x13",1
"1682","MichaelCowen_LB",1
"1683","michael_jinroh",1
"1684","MichaelpCarver",1
"1685","MichaelPorfirio",1
"1686","MichelleKhare",1
"1687","michellelzhang",1
"1688","michelle_vas4",1
"1689","Mich_Manero",1
"1690","mickyilya",1
"1691","MiejaRamieza",1
"1692","mikaroh",1
"1693","MikeElgan",1
"1694","mikeleffingwell",1
"1695","milenadis2",1
"1696","millistephania",1
"1697","MimiTrannn",1
"1698","MindyJoyM",1
"1699","minefidan",1
"1700","MingleWithChris",1
"1701","minimasterminds",1
"1702","Minniemasters06",1
"1703","mintmintdoodles",1
"1704","miraaedoraa",1
"1705","miradyan",1
"1706","MiseryDarkness",1
"1707","MissSiren93",1
"1708","missusdivine",1
"1709","mix1073DC",1
"1710","mktrsclub",1
"1711","M_Lambert4612",1
"1712","_mmaaari",1
"1713","mobarnews",1
"1714","Mocha_EFNW",1
"1715","MollyCocktail",1
"1716","mollyluwho",1
"1717","mommalewsblog",1
"1718","Mommybay12",1
"1719","MomsWhoSave",1
"1720","MondayPajamas",1
"1721","monicanga7",1
"1722","morg4n20",1
"1723","mostafarhys",1
"1724","mowink209",1
"1725","moxiedot_",1
"1726","Mp_e17",1
"1727","MRahmat604",1
"1728","MrEobo",1
"1729","Mr__Fortitude",1
"1730","MrGTASweat",1
"1731","_mrimz",1
"1732","MrJackson852",1
"1733","MrMikeScott49",1
"1734","MrRickyBell",1
"1735","mrsjones0712",1
"1736","mrtnwre",1
"1737","Mrtrunami",1
"1738","MSN",1
"1739","msnurulhuda",1
"1740","msrcms06rescue",1
"1741","mstaylorjean",1
"1742","MudakaKusok",1
"1743","Muhkayluh29",1
"1744","musekritt",1
"1745","MVictoria_13",1
"1746","mybloqlife",1
"1747","Myemcalendar",1
"1748","MyNameIs_Syd",1
"1749","mynnhamdan",1
"1750","Myrecipess",1
"1751","MyuniquesWorld",1
"1752","mzneisha0005",1
"1753","n1knm",1
"1754","namelessmarti",1
"1755","nancycreative",1
"1756","NarutoAldea",1
"1757","Natalia_Maarie",1
"1758","Natalie__Micah",1
"1759","NathaliegSancen",1
"1760","natisangulorico",1
"1761","natsgabriela",1
"1762","natzutt",1
"1763","NC_MMMMM",1
"1764","Neil_McNeil",1
"1765","nekomimimodede",1
"1766","NeroSthlm",1
"1767","netflix",1
"1768","ngpaprika",1
"1769","nhatngole",1
"1770","nhbarahona",1
"1771","__NiaLove",1
"1772","NiceEnoughPpl",1
"1773","Nickalaws",1
"1774","nick_chater",1
"1775","nickelwurld",1
"1776","nickjomalley",1
"1777","NickMcCloskey1",1
"1778","NickNBeauty",1
"1779","NickTheBullsFan",1
"1780","nikkigcomedy",1
"1781","nikkikingery",1
"1782","NikolasOmilana",1
"1783","NilesGregory",1
"1784","nimzaaaay",1
"1785","ninasyaaaaaa",1
"1786","ninjaperuano",1
"1787","NMcClel",1
"1788","nnuuttz",1
"1789","noah_edwards",1
"1790","NoahSiela",1
"1791","NocheAndGabbana",1
"1792","noiselord",1
"1793","nomewaydarius",1
"1794","_nonelikedi",1
"1795","NopaIep",1
"1796","Norafatehi",1
"1797","Norfakhiraazam",1
"1798","Not_Mistletoe",1
"1799","NovicSara",1
"1800","NSAshill",1
"1801","NSMRsakura",1
"1802","nubianheaux",1
"1803","NugatoryOG",1
"1804","nuggitsune",1
"1805","NVT3__",1
"1806","nxrdymn",1
"1807","Nxtxsyx_",1
"1808","NykInParis",1
"1809","o2l_x_phan",1
"1810","O95TT",1
"1811","OCBestHairSalon",1
"1812","OffbeatWorlds",1
"1813","OfficialDaemiah",1
"1814","officialkcashYT",1
"1815","OGSuicide",1
"1816","ohliviapope",1
"1817","ohyaritza",1
"1818","oilchuchu",1
"1819","Oilhane",1
"1820","olivia_bilow",1
"1821","oliviamuenter",1
"1822","olivianarlock",1
"1823","olyviarenae",1
"1824","OMGitsTaha",1
"1825","omlvera",1
"1826","_oneofme_",1
"1827","ookami5nin",1
"1828","oooShinyTreats",1
"1829","Open_Letter_dtd",1
"1830","oscar_romero50",1
"1831","osnapitzemmma",1
"1832","OTT_DealFinder",1
"1833","Ottoyanez",1
"1834","OutriggerPH",1
"1835","OWHnews",1
"1836","OxnardSmoots",1
"1837","oyasumibenben",1
"1838","PaigeFischer15",1
"1839","paigemooney123",1
"1840","paigepevs",1
"1841","palisadescntr",1
"1842","PamojaNation",1
"1843","papiluisM",1
"1844","parsnips_blog",1
"1845","paulapearl",1
"1846","paullutz1111",1
"1847","p_chrp",1
"1848","PeaaanutB",1
"1849","peachyypup",1
"1850","pearl_aaa",1
"1851","PeeSparkle",1
"1852","penguinphilsofr",1
"1853","PercivalPenman",1
"1854","PerezHilton",1
"1855","peterexplorer",1
"1856","phenoMNalTC",1
"1857","PHHSTrailblazer",1
"1858","philipconsciou1",1
"1859","piercemcg_",1
"1860","PiliMor2",1
"1861","pinklady_ktown",1
"1862","pinksky4U",1
"1863","piques15",1
"1864","piweeFR",1
"1865","piyaratmomoyo",1
"1866","PlayToyUnboxing",1
"1867","p_Monet",1
"1868","pntrimble",1
"1869","PoguePublishing",1
"1870","poiscnedsoul",1
"1871","Poolsharkrocker",1
"1872","POPSUGARFitness",1
"1873","PopUpPop",1
"1874","porttiagabs",1
"1875","possiblytori",1
"1876","poxamarina_",1
"1877","ppandani",1
"1878","prbizdaily",1
"1879","PrettyMellow_",1
"1880","PRIconMedia",1
"1881","primo12540",1
"1882","prnewstoday",1
"1883","prnxcess_gabzz",1
"1884","ProfesorOakGT",1
"1885","ProGrowthHacker",1
"1886","promo_code_free",1
"1887","promotion2u",1
"1888","ProudtobePurple",1
"1889","PYPRecords",1
"1890","qevi9__",1
"1891","QKCMaui",1
"1892","qudsiaraja",1
"1893","QueenCityDoggos",1
"1894","Queen_of_Snark",1
"1895","quiaraholmes",1
"1896","quincie_candice",1
"1897","QwertyPhilly",1
"1898","racheelbachel",1
"1899","rachh_victoria",1
"1900","rachthom15",1
"1901","RadioFreeKJLH",1
"1902","RaeyConsulting",1
"1903","RaisaPerezLopez",1
"1904","ralphharris",1
"1905","randizuckerberg",1
"1906","Ranjiv_Sanloz",1
"1907","raofbakhtiar",1
"1908","RapackeLaw",1
"1909","RappingSKRWL",1
"1910","rashomh11",1
"1911","ratchetycbolt",1
"1912","raveandreview",1
"1913","RayColonFLHomes",1
"1914","rayleen__27",1
"1915","_razzmary",1
"1916","RBB90210",1
"1917","RealezaDeDisney",1
"1918","ReasonsAre",1
"1919","RebBomb",1
"1920","rebeccaga0",1
"1921","RebelCase",1
"1922","recipeofcuisine",1
"1923","RecipesFL",1
"1924","recipes_tasty",1
"1925","redbookmag",1
"1926","ReDOoctob2",1
"1927","redrockcasino",1
"1928","reesah",1
"1929","reesereganyt",1
"1930","reika11172116",1
"1931","reneee_green",1
"1932","RenektonBot",1
"1933","revolvingtweet",1
"1934","ricketts22bones",1
"1935","rickwhispers",1
"1936","Ricotengg",1
"1937","rihftperry",1
"1938","rileybettich",1
"1939","riodemu",1
"1940","rivingtonleathr",1
"1941","RiyanBowden",1
"1942","RMAworld",1
"1943","rnsills",1
"1944","Rob17Frost",1
"1945","robby_robIII",1
"1946","robertliefeld",1
"1947","RobertMohr90",1
"1948","robinetaber",1
"1949","robinjansky",1
"1950","roblessk8",1
"1951","robtswthrayguns",1
"1952","RobynWhite47",1
"1953","rockyymouse",1
"1954","Romi_Blue77",1
"1955","RooFernandezz_",1
"1956","roxannerandel",1
"1957","rrfxagb",1
"1958","rshuffandstuff",1
"1959","RTFFacts",1
"1960","rtyourkink",1
"1961","runningtheclock",1
"1962","russell_kiah",1
"1963","rwlynn",1
"1964","RyanBartholomee",1
"1965","RyanClarken",1
"1966","sabrinathehawk",1
"1967","sacha_piron",1
"1968","saddollie",1
"1969","sadiesommer_",1
"1970","Sahara_333",1
"1971","saibaruuu",1
"1972","Sally578",1
"1973","SallyGirlUSA",1
"1974","SamanthaKanee",1
"1975","Sam_Gagne",1
"1976","Sam_Magdaleno",1
"1977","sanatokii",1
"1978","SanduskySBUX",1
"1979","SanfordCarpet",1
"1980","saraescuderogar",1
"1981","_sarahfrisbie_",1
"1982","SarahGraceClub",1
"1983","_sarah_nelson_",1
"1984","SarahWallace4NY",1
"1985","Sarcasm_PhD78",1
"1986","sarunamirabu",1
"1987","SauronGamer0201",1
"1988","savannah_eccles",1
"1989","SavvChristy",1
"1990","sayuki316219",1
"1991","sbeezyy__",1
"1992","SBUX2702",1
"1993","SbuxBelleville",1
"1994","SbuxIndonesia",1
"1995","SbuxMel",1
"1996","SbuxSouthie",1
"1997","SbuxUBCommons",1
"1998","sbxchelmsford",1
"1999","_ScarsAndKnives",1
"2000","SCENE",1
"2001","SchwimmBlog",1
"2002","SCORE_OceanCty",1
"2003","Scorpio_In_Love",1
"2004","scotland_road",1
"2005","scubasteeev",1
"2006","SeagullDan_",1
"2007","SebastianNicolo",1
"2008","SeeKSparR",1
"2009","sellrestaurants",1
"2010","senden_meizine",1
"2011","seym00re",1
"2012","SFADining",1
"2013","SH0OKJIN",1
"2014","shades0fcunt",1
"2015","shania_ainahs",1
"2016","shanicem",1
"2017","SharkGoddess",1
"2018","ShecrownLita",1
"2019","sheetz",1
"2020","shelbyyanne96",1
"2021","SheliaMichelle",1
"2022","sherihopeb",1
"2023","ShesTypical",1
"2024","shiina97line",1
"2025","Shilowilson",1
"2026","Shin_nington",1
"2027","shinobusenbot",1
"2028","shiori_1H",1
"2029","Shireindie",1
"2030","shopATNAIT",1
"2031","ShopperMatters",1
"2032","shoppersshop",1
"2033","shtaylor0912",1
"2034","Shuceeb_Afc",1
"2035","shvmelyss",1
"2036","SicilianInHeels",1
"2037","sidjacobsonjcc",1
"2038","sierraeliz1994",1
"2039","silnatjan",1
"2040","silvrshamrockd",1
"2041","simplisticpro",1
"2042","Simplymummbling",1
"2043","SinAzucarOrg",1
"2044","singpromos",1
"2045","Sisman_Kiz",1
"2046","sjfeles",1
"2047","skinnykitchen",1
"2048","skiptonsbx",1
"2049","sleepingontrash",1
"2050","slonfire",1
"2051","SmallBizCurator",1
"2052","SmallBizExpo",1
"2053","smcitybaguio",1
"2054","SMCPhoenix",1
"2055","s_nicole8",1
"2056","SoFarGoneChris",1
"2057","SoloChills",1
"2058","_solokeyy",1
"2059","SonicPrincess15",1
"2060","Southern_Living",1
"2061","SoyTanNinaBien",1
"2062","spoiledprbz",1
"2063","spookyrahl",1
"2064","SquaidsInfo",1
"2065","srnorganics1",1
"2066","srose_138",1
"2067","SRUClubBaseball",1
"2068","_ssj2kels",1
"2069","sstleo_87",1
"2070","Stacy_Solis",1
"2071","StantonAlana",1
"2072","starbucks_es",1
"2073","StarbucksGirl_H",1
"2074","StarbucksMenu",1
"2075","Starbucksnews",1
"2076","starbucks_pan",1
"2077","Starbucks_Porn",1
"2078","StarbucksUK",1
"2079","StartUp__Newz",1
"2080","stashiaaaaa",1
"2081","StealthHillary",1
"2082","steenfox",1
"2083","stella_alvs05",1
"2084","stephemays",1
"2085","steveolsher",1
"2086","StrangersPapped",1
"2087","StudentStores",1
"2088","sumitha_jpg",1
"2089","SunBizGriffin",1
"2090","superkidsblog",1
"2091","sw3etdisaster",1
"2092","SwiftOnEcomony",1
"2093","syraulo",1
"2094","tabaschoe",1
"2095","TagAnimationz",1
"2096","takemehigherx",1
"2097","TakingFiveHQ",1
"2098","TaliaArtrice",1
"2099","TamarYellin",1
"2100","TammyTalks",1
"2101","tanamongeau",1
"2102","TAndyOats",1
"2103","tauurean",1
"2104","taylord727",1
"2105","TaylorRenae16",1
"2106","TDotVieraRock",1
"2107","TeaBrian",1
"2108","TealLovesYou",1
"2109","teamabcsy",1
"2110","TeashopHull",1
"2111","TechNewsRT",1
"2112","tekkaus",1
"2113","tenbitetesema",1
"2114","terryderias",1
"2115","TevonBlair",1
"2116","TGFTechNews",1
"2117","thaimarketing",1
"2118","thaiphi_le",1
"2119","_ThatGirlSerena",1
"2120","That_naija_girl",1
"2121","ThatReal87",1
"2122","ThatsSoNiche",1
"2123","thebadboosh",1
"2124","thebirdhouse",1
"2125","TheDrewLynch",1
"2126","TheGayTimes",1
"2127","thehappening",1
"2128","thejackyaeger",1
"2129","The_KazukiIDEI",1
"2130","The_MADMix",1
"2131","TheMaverick21",1
"2132","TheMichaelRock",1
"2133","TheMixedWonder",1
"2134","TheNoiseLab",1
"2135","TheOGxTheory",1
"2136","TheRachelLilly",1
"2137","therealrampageG",1
"2138","ThetaClair",1
"2139","the__tech_news",1
"2140","the_vampire_god",1
"2141","theveganjulia",1
"2142","TheWaterIsDIrty",1
"2143","thggyduck",1
"2144","thing_two_",1
"2145","thisgirlll_1",1
"2146","ThisIsCrowley",1
"2147","thisismythical",1
"2148","ThisLazyPanda",1
"2149","ThisMLife",1
"2150","Thookboktor",1
"2151","TiaraFrancisco",1
"2152","tiffanyyh13",1
"2153","tiffxnyta",1
"2154","tinynygma",1
"2155","TipsyBartender",1
"2156","tjfromhtown",1
"2157","T_Nerdalicious",1
"2158","tomas_yanez7",1
"2159","Tom__Coleman",1
"2160","TomCruise_5",1
"2161","tomlinavys",1
"2162","tomokitomo88",1
"2163","toniebrady04",1
"2164","Toni_Newman",1
"2165","Tonysonfire",1
"2166","torituguita",1
"2167","torlowski",1
"2168","tornportrait",1
"2169","towerofamericas",1
"2170","traveleatpinas",1
"2171","TravelLeisure",1
"2172","trayce",1
"2173","trellatay",1
"2174","Trillyana",1
"2175","TrishAnderson32",1
"2176","tristagail",1
"2177","Tsune_ShikaX",1
"2178","tvforhotels",1
"2179","tweet4howi",1
"2180","tweetenbeaton",1
"2181","twistools_en",1
"2182","TylerFirebrae",1
"2183","TylerXCIII",1
"2184","TylerYmoi",1
"2185","TylonBoo",1
"2186","tyronerodriguez",1
"2187","TyyDaddy",1
"2188","UBaltBookstore",1
"2189","UCIDining",1
"2190","ugh_tbh_idc",1
"2191","umairh",1
"2192","umitcantoprakk",1
"2193","UniStudios",1
"2194","UrbZzZzZ",1
"2195","usagipichi",1
"2196","usa_misumi",1
"2197","UtechtKenny",1
"2198","UttKaitlyn",1
"2199","UxyIniguez",1
"2200","vaaaaal___",1
"2201","valen_10a",1
"2202","valerio_dimario",1
"2203","valonfox",1
"2204","VargasParalegal",1
"2205","VCU_Dining",1
"2206","vega_maleja",1
"2207","vegetaxgokuu",1
"2208","vergepop",1
"2209","VesselNews",1
"2210","victoriamonse_",1
"2211","VictorriaAnne",1
"2212","victorrleonn",1
"2213","viczzss",1
"2214","vincentmtweten",1
"2215","VinceSchilling",1
"2216","viralizeed",1
"2217","Virtualwiki00",1
"2218","VisitSingapore",1
"2219","Vivianamall",1
"2220","VivianLee_Kyz",1
"2221","Vix_Social",1
"2222","vlaaaaaaadddddd",1
"2223","void_bea",1
"2224","vonbeau",1
"2225","vrai777",1
"2226","vratsbane",1
"2227","vrhill",1
"2228","vtstrwberryacai",1
"2229","WAAYTV",1
"2230","WalkerSands",1
"2231","WanderCorn",1
"2232","WannabePress",1
"2233","waostuffs",1
"2234","wcnc",1
"2235","WeAdmitted",1
"2236","webn",1
"2237","wedgwoodSCI",1
"2238","WenghinyG",1
"2239","WestofCrazy",1
"2240","wheresmattyb",1
"2241","WhiteOaksMall",1
"2242","whoiskz",1
"2243","_williamj0hn",1
"2244","WINN_DealFinder",1
"2245","woakatie",1
"2246","Woohoo487",1
"2247","WORLDSTARC0MEDY",1
"2248","worrell_dj",1
"2249","WPXI",1
"2250","WraithLette",1
"2251","wsbradio",1
"2252","wtam1100",1
"2253","WTF977Rocks",1
"2254","xavierlur",1
"2255","xGlamBotx",1
"2256","xoxossamantha",1
"2257","xVivaYT",1
"2258","xxsassyaieshaxx",1
"2259","xxxymsn",1
"2260","yanishkange",1
"2261","YazzyJP",1
"2262","yhnsazhr_",1
"2263","yorgunteokrat",1
"2264","yorkeee1",1
"2265","Yubbie007",1
"2266","yugomemes_",1
"2267","yungo_jp",1
"2268","zachandchees",1
"2269","zachj04",1
"2270","zakatuche",1
"2271","_zaneogan_",1
"2272","ZatyAmni",1
"2273","zehracolakovic",1
"2274","zenchu2011",1
"2275","zoeyweil66",1
"2276","ZoominHDforkids",1
"2277","zorokun20",1
